intitule,type,adresse,codepostal,ville,telephone,latitude,longitude,
Greffe de LA ROCHELLE,GREFFE,14 RUE DU PALAIS Hotel de La Bourse,17,LA ROCHELLE,+33 546413465,46.159636,-1.153709,
Greffe de MARSEILLE,GREFFE,2 RUE EMILE POLLAK,13,MARSEILLE,+33 491547040,43.291342,5.374374,
Greffe de MANOSQUE,GREFFE,RUE DES TANNEURS,4,MANOSQUE,+33 492877426,43.830893,5.785401,
Greffe de VALENCIENNES,GREFFE,3 PL DU COMMERCE,59,VALENCIENNES,+33 327463478,50.357113,3.518332,
Greffe de TOURS,GREFFE,12 RUE BERTHELOT,37,TOURS CEDEX,+33 247312001,47.395121,0.688083,
Greffe de VANNES,GREFFE,19 RUE DES TRIBUNAUX,56,VANNES CEDEX,+33 297472289,47.658236,-2.760847,
Greffe de TARBES,GREFFE,SQ MAURICE TRELUT,65,TARBES,+33 562517777,43.221049,0.074533,
Greffe de SENS,GREFFE,1 RUE DU PALAIS DE JUSTICE,89,SENS,+33 386652353,48.196331,3.276994,
Greffe de LORIENT,GREFFE,3 RUE BENJAMIN DELESSERT,56,LORIENT,+33 297210153,47.746653,-3.367889,
Greffe de SAINT-BRIEUC,GREFFE,17 RUE PARMENTIER,22,ST BRIEUC CEDEX 1,+33 296336892,48.5088083,-2.751733,
Greffe de CLERMONT-FERRAND,GREFFE,40 RUE DE L'ANGE,63,CLERMONT FERRAND,+33 473160160,45.779788,3.079895,
Greffe de CAHORS,GREFFE,BD GAMBETTA,46,CAHORS,+33 565352434,44.448656,1.440078,
Greffe de CRETEIL,GREFFE,IMMEUBLE LE PASCAL,94,CRETEIL CEDEX,+33 143991007,48.780932,2.458556,
Greffe de BRIEY,GREFFE,4 RUE DU MARECHAL FOCH,54,BRIEY CEDEX,+33 382461504,49.248997,5.939666,
Greffe de CANNES,GREFFE,19 BD CARNOT,6,CANNES CEDEX,+33 483142100,43.556456,7.016884,
Greffe de CHALONS-EN-CHAMPAGNE,GREFFE,,51,CHALONS EN CHAMPAGNE,+33 326684860,48.959158,4.362881,
Greffe de DIJON,GREFFE,13 BD CLEMENCEAU,21,DIJON CEDEX,+33 380704551,47.327705,5.048132,
Greffe de EPINAL,GREFFE,1 PL FOCH,88,EPINAL,+33 329343376,48.173094,6.448138,
Greffe de DAX,GREFFE,55 AV VICTOR HUGO,40,DAX,+33 558900684,43.703894,-1.052756,
Greffe de CARCASSONNE,GREFFE,34 RUE DE STRASBOURG,11,CARCASSONNE,+33 468112730,43.212161,2.353663,
Greffe de BOULOGNE-SUR-MER,GREFFE,16 rue de la Barrière Saint-Michel,62,BOULOGNE SUR MER,+33 321874767,50.7262795,1.6095371,
Greffe de AJACCIO,GREFFE,AV MARECHAL LYAUTEY,20,AJACCIO CEDEX 9,+33 495231782,41.937945,8.744795,
Greffe de AMIENS,GREFFE,18 RUE LAMARTINE,80,AMIENS CEDEX 1,+33 322914323,49.891918,2.304865,
Greffe de ALBI,GREFFE,PLACE DU PALAIS,81,ALBI,+33 563540083,43.92632,2.145789,
Greffe de AUXERRE,GREFFE,90 RUE DE PARIS,89,AUXERRE CEDEX,+33 386722100,47.798389,3.569212,
Greffe de BEZIERS,GREFFE,93 AV PRESIDENT WILSON CITE JUDICIAIRE,34,BEZIERS,+33 467282905,43.336564,3.227513,
Greffe de BAR-LE-DUC,GREFFE,5 RUE FRANCOIS DE GUISE,55,BAR LE DUC,+33 329790939,48.77087,5.157652,
Greffe de CHATEAUROUX,GREFFE,11 RUE PAUL LOUIS COURIER,36,CHATEAUROUX,+33 254340626,46.811434,1.686779,
Greffe de ANNECY,GREFFE,19 AV DU PARMELAN,74,ANNECY CEDEX,+33 450050545,45.905524,6.131979,
Greffe de CHERBOURG,GREFFE,22 RUE DE L'ANCIEN QUAI,50,CHERBOURG CEDEX,+33 233932460,49.639093,-1.625298,
Greffe de COMPIEGNE,GREFFE,2 RUE DAHOMEY,60,COMPIEGNE,+33 344385151,49.417419,2.828684,
Greffe de ARRAS,GREFFE,13 RUE ROGER SALENGRO,62,ARRAS,+33 321242525,50.293843,2.768651,
Greffe de FOIX,GREFFE,14 BD DU SUD,9,FOIX CEDEX,+33 561024280,42.966559,1.606461,
Greffe de MELUN,GREFFE,2 AV DU GENERAL LECLERC,77,MELUN,+33 164798400,48.526354,2.652909,
Greffe de EVRY,GREFFE,1 RUE DE LA PATINOIRE,91,EVRY CEDEX,+33 169473650,48.629441,2.430564,
Greffe de NARBONNE,GREFFE,40 BD DU GENERAL DE GAULLE,11,NARBONNE CEDEX,+33 468320176,43.184558,3.008623,
Greffe de LISIEUX,GREFFE,49 RUE DE PARIS,14,LISIEUX CEDEX,+33 231485550,49.147159,0.233374,
Greffe de NEVERS,GREFFE,19 RUE SAINT MARTIN,58,NEVERS CEDEX,+33 386610671,46.989284,3.159594,
Greffe de MEAUX,GREFFE,56 RUE ARISTIDE BRIAND,77,MEAUX,+33 891011111,48.956157,2.889576,
Greffe de NIORT,GREFFE,18 RUE MARCEL PAUL,79,NIORT CEDEX,+33 549791440,46.32488,-0.456029,
Greffe de DOUAI,GREFFE,66 RUE ST JULIEN,59,DOUAI,+33 327961743,50.371012,3.076526,
Greffe de FREJUS,GREFFE,272 BD JEAN-JAURES,83,FREJUS,+33 494536168,43.433152,6.737034,
Greffe de RENNES,GREFFE,7 RUE PIERRE ABELARD,35,RENNES CEDEX,+33 299653888,48.105325,-1.686294,
Greffe de SEDAN,GREFFE,1 RUE DE LA COMEDIE,8,SEDAN CEDEX,+33 324575053,49.702509,4.943773,
Greffe de THONON-LES-BAINS,GREFFE,10 RUE DE L'HOTEL-DIEU,74,THONON LES BAINS,+33 450721320,46.369037,6.478758,
Greffe de SAINT-NAZAIRE,GREFFE,,44,ST NAZAIRE,+33 240225232,47.279273,-2.215247,
Greffe de TARASCON,GREFFE,28 Allée du Général Jennings de Kilmaine,13,TARASCON,+33 490914200,43.802051,4.662323,
Greffe de ROMANS,GREFFE,2-4 RUE SABATON,26,ROMANS CEDEX,+33 475711848,45.042658,5.051441,
Greffe de CHAUMONT,GREFFE,6 RUE RAYMOND SAVIGNAC BATIMENT DE L'HORLOGE,52,CHAUMONT,+33 325038037,48.096225,5.14334,
Greffe de CAEN,GREFFE,PL GAMBETTA PALAIS DE JUSTICE,14,CAEN,+33 231854000,49.179305,-0.366111,
Greffe de BOURGES,GREFFE,1 PL HENRI MIRPIED,18,BOURGES,+33 248700733,47.086262,2.392906,
Greffe de CHALON-SUR-SAONE,GREFFE,4 RUE Emiland Menand,71,CHALON SUR SAONE,+33 385900780,46.7848208,4.8534565,
Greffe de COUTANCES,GREFFE,67 RUE SAINT NICOLAS,50,COUTANCES CEDEX,+33 233194211,49.051145,-1.443533,
Greffe de BERGERAC,GREFFE,6 RUE DES CARMES,24,BERGERAC,+33 553635800,44.853625,0.486993,
Greffe de CUSSET,GREFFE,RUE DU BIEF,3,CUSSET CEDEX,+33 470983913,46.135583,3.450061,
Greffe de AUBENAS,GREFFE,RUE GEORGE COUDERC - MAIRIE ANNEXE GREFFE DU TRIBUNAL DE COMMERCE,7,AUBENAS,+33 475892180,44.614323,4.389807,
Greffe de BASTIA,GREFFE,PALAIS DE JUSTICE,20,BASTIA CEDEX,+33 495348470,42.6957,9.446483,
Greffe de BESANCON,GREFFE,1 RUE MEGEVAND,25,BESANCON,+33 891011111,47.236615,6.022439,
Greffe de SAINT MALO,GREFFE,1 RUE DE LA CROIX DESILLES PARC D'AFFAIRES CAP SUD,35,ST MALO,+33 299200090,48.6522059,-1.9720288,
Greffe de ROANNE,GREFFE,5 Bis PL GEORGES CLEMENCEAU PALAIS DE JUSTICE,42,ROANNE CEDEX,+33 477720622,46.040159,4.072934,
Greffe de SAINT-ETIENNE,GREFFE,36 RUE DE LA RESISTANCE,42,ST ETIENNE CEDEX 1,+33 477439797,45.43749,4.386367,
Greffe de TOULON,GREFFE,140 BD MARECHAL LECLERC PALAIS LECLERC,83,TOULON CEDEX 09,+33 891011111,43.125717,5.928175,
Greffe de VERSAILLES,GREFFE,1 PL ANDRE MIGNOT,78,VERSAILLES CEDEX,+33 139071640,48.802383,2.131433,
Greffe de SOISSONS,GREFFE,76 RUE ST MARTIN,2,SOISSONS CEDEX,+33 323530482,49.380396,3.328149,
Greffe de VESOUL,GREFFE,20 RUE DIDON,70,VESOUL CEDEX,+33 384758270,47.615269,6.149404,
Greffe de PAU,GREFFE,3 RUE DUPLAA,64,PAU,+33 559986060,43.299377,-0.37257,
Greffe de VIENNE,GREFFE,27/31 RUE DE BOURGOGNE PALAIS DE JUSTICE,38,VIENNE CEDEX,+33 428380560,45.526419,4.873227,
Greffe de DUNKERQUE,GREFFE,,59,DUNKERQUE CEDEX 1,+33 328519283,51.023183,2.373347,
Greffe de LIBOURNE,GREFFE,36 RUE VICTOR HUGO,33,LIBOURNE CEDEX,+33 557255805,44.915655,-0.246168,
Greffe de MONT-DE-MARSAN,GREFFE,7 PL FRANCIS PLANTE,40,MONT DE MARSAN,+33 558466070,43.887374,-0.502974,
Greffe de LE PUY-EN-VELAY,GREFFE,4 AV DE LA DENTELLE,43,LE PUY EN VELAY,+33 471090078,45.04169,3.88857,
Greffe de NANCY,GREFFE,CITE JUDICIAIRE,54,NANCY CEDEX,+33 383406960,48.678947,6.172192,
Greffe de LILLE METROPOLE,GREFFE,445 BD GAMBETTA TOUR MERCURE,59,TOURCOING,+33 320366545,50.705074,3.162217,
Greffe de DIEPPE,GREFFE,54 RUE DU FAUBOURG DE LA BARRE,76,DIEPPE CEDEX,+33 235841187,49.92346,1.074949,
Greffe de EVREUX,GREFFE,7 RUE DE LA PETITE CITE,27,EVREUX CEDEX,+33 232223720,49.025347,1.150485,
Greffe de MONTLUCON,GREFFE,114 BD COURTAIS,3,MONTLUCON,+33 470050540,46.339906,2.607697,
Greffe de MACON,GREFFE,5 COU MOREAU,71,MACON CEDEX,+33 385380485,46.30951,4.833888,
Greffe de AGEN,GREFFE,6 RUE LOMET,47,AGEN,+33 553773415,44.20079,0.618539,
Greffe de ANGERS,GREFFE,19 RUE RENE ROUCHY,49,ANGERS CEDEX,+33 241878930,47.479273,-0.546961,
Greffe de ANTIBES,GREFFE,NOVA ANTIPOLIS 60,6,ANTIBES,+33 493341014,43.601341,7.091675,
Greffe de ALENCON,GREFFE,81 RUE DU GUE DE SORRE,61,ALENCON,+33 233261755,48.419531,0.10527,
Greffe de BELFORT,GREFFE,1 RUE DE MORIMONT SITE DE L'ESPERANCE,90,BELFORT,+33 384280557,47.641227,6.861343,
Greffe de BERNAY,GREFFE,PL GUSTAVE HEON,27,BERNAY CEDEX,+33 232447827,49.089435,0.597714,
Greffe de AVIGNON,GREFFE,2 BD LIMBERT,84,AVIGNON CEDEX 9,+33 820220422,43.944449,4.816142,
Greffe de ANGOULEME,GREFFE,13 PL DU CHAMPS DE MARS,16,ANGOULEME,+33 545931249,45.649388,0.1603,
Greffe de AURILLAC,GREFFE,21 PL DU SQUARE,15,AURILLAC CEDEX,+33 471481454,44.928934,2.443192,
Greffe de BEAUVAIS,GREFFE,12 RUE DES TEINTURIERS,60,BEAUVAIS CEDEX,+33 344067400,49.429077,2.070944,
Greffe de BLOIS,GREFFE,15 RUE DU PÈRE BROTTIER,41,BLOIS CEDEX,+33 254780791,47.589805,1.335783,
Greffe de PONTOISE,GREFFE,3 RUE VICTOR HUGO PALAIS DE JUSTICE,95,PONTOISE,+33 134254760,49.051595,2.098839,
Greffe de NANTES,GREFFE,2BIS QU FRANCOIS MITTERRAND IMMEUBLE RHUYS,44,NANTES CEDEX 2,+33 240410200,47.207325,-1.556185,
Greffe de POITIERS,GREFFE,21 RUE SAINT LOUIS,86,POITIERS,+33 549888193,46.584048,0.34034,
Greffe de NANTERRE,GREFFE,4 RUE PABLO NERUDA,92,NANTERRE CEDEX,+33 140971717,48.89547,2.215666,
Greffe de RODEZ,GREFFE,2 BD PIERRE BENOIT,12,RODEZ,+33 565735610,44.348857,2.572373,
Greffe de PERIGUEUX,GREFFE,3 PL YVES GUENA,24,PERIGUEUX CEDEX,+33 553456000,45.187376,0.721514,
Greffe de REIMS,GREFFE,55-57 RUE THIERS,51,REIMS CEDEX,+33 326883066,49.254424,4.031639,
Greffe de NICE,GREFFE,6 RUE DESIRE NIEL,6,NICE,+33 493928787,43.700489,7.275971,
Greffe de QUIMPER,GREFFE,23 RUE DU PALAIS,29,QUIMPER,+33 298554247,47.993749,-4.109842,
Greffe de MONTAUBAN,GREFFE,PL BOURDELLE,82,MONTAUBAN,+33 563632088,44.0174097,1.3515356,
Greffe de LA ROCHE-SUR-YON,GREFFE,55 RUE HOCHE,85,LA ROCHE SUR YON CEDEX,+33 251376705,46.67149,-1.433877,
Greffe de BOBIGNY,GREFFE,1-13 RUE MICHEL DE L'HOSPITAL,93,BOBIGNY CEDEX,+33 891011111,48.906871,2.454007,
Greffe de GRASSE,GREFFE,37 AV PIERRE SEMARD,6,GRASSE,+33 891011111,43.660153,6.926492,
Greffe de BREST,GREFFE,150 RUE ERNEST HEMINGWAY,29,BREST,+33 298433131,48.3853511,-4.478258,
Greffe de GUERET,GREFFE,23 PL BONNYAUD PALAIS DE JUSTICE,23,GUERET,+33 555411011,46.168946,1.871077,
Greffe de BORDEAUX,GREFFE,PALAIS DE LA BOURSE,33,BORDEAUX CEDEX,+33 556018170,44.841888,-0.57071,
Greffe de LE HAVRE,GREFFE,16 RUE DU COLONEL FABIEN,76,LE HAVRE CEDEX,+33 235421550,49.492689,0.116816,
Greffe de GAP,GREFFE,,5,GAP CEDEX,+33 492510192,44.557589,6.077532,
Greffe de MENDE,GREFFE,BD HENRI BOURRILLON,48,MENDE,+33 466484141,44.517692,3.496925,
Greffe de CHARTRES,GREFFE,22 BD CHASLES,28,CHARTRES,+33 237840025,48.443854,1.489012,
Greffe de DRAGUIGNAN,GREFFE,11 RUE P CLEMENT PALAIS DE JUSTICE,83,DRAGUIGNAN,+33 494508327,43.537727,6.464993,
Greffe de LAVAL,GREFFE,12 ALL de la Chartrie,53,LAVAL,+33 243597080,48.0692537,-0.7962793,
Greffe de CASTRES,GREFFE,3 RUE DE LA PLATE,81,CASTRES,+33 563625880,43.604503,2.238529,
Greffe de CHAMBERY,GREFFE,12 BD DE LA COLONNE,73,CHAMBERY CEDEX,+33 479337225,45.566941,5.922897,
Greffe de BAYONNE,GREFFE,1 AV ANNE DE NEUBOURG,64,BAYONNE,+33 559463300,43.493149,-1.484324,
Greffe de LE MANS,GREFFE,1 AV PIERRE MENDES France,72,LE MANS CEDEX,+33 243141850,48.006951,0.201434,
Greffe de AUCH,GREFFE,4 PL DU MARECHAL LANNES,32,AUCH,+33 562050224,43.636681,0.584292,
Greffe de BRIVE,GREFFE,6 RUE SAINT BERNARD,19,BRIVE CEDEX,+33 555177676,45.157499,1.531445,
Greffe de BOURG-EN-BRESSE,GREFFE,32 AV ALSACE LORRAINE,1,BOURG EN BRESSE CEDEX,+33 474320003,46.201918,5.220586,
Greffe de GRENOBLE,GREFFE,PLACE FIRMIN GAUTIER,38,GRENOBLE CEDEX 1,+33 456585050,45.191137,5.711452,
Greffe de LIMOGES,GREFFE,23 PL WINSTON CHRUCHILL Cité Judiciaire,87,LIMOGES,+33 555346075,45.829238,1.255545,
Greffe de SAINTES,GREFFE,PALAIS DE JUSTICE-COURS NATIONAL,17,SAINTES CEDEX,+33 546930102,45.747701,-0.634815,
Greffe de ORLEANS,GREFFE,44 RUE DE LA BRETONNERIE,45,ORLEANS CEDEX 1,+33 238780707,47.90476,1.905693,
Greffe de PERPIGNAN,GREFFE,4 RUE ANDRE BOSCH,66,PERPIGNAN CEDEX,+33 468342433,42.698684,2.8958719,
Greffe de ROUEN,GREFFE,3 RUE JACQUES LE LIEUR,76,ROUEN CEDEX,+33 235700860,49.439152,1.090522,
Greffe de NIMES,GREFFE,12 RUE CITE FOULC,30,NIMES,+33 466760351,43.833126,4.360349,
Greffe de MONTPELLIER,GREFFE,9 RUE DE TARRAGONE,34,MONTPELLIER,+33 467608088,43.604347,3.886102,
Greffe de PARIS,GREFFE,1 QU DE LA CORSE,75,PARIS,+33 891017575,48.856128,2.346734,
Greffe de LYON,GREFFE,44 RUE DE BONNEL,69,LYON CEDEX 03,+33 472606980,45.764043,4.835659,
Greffe de LONS-LE-SAUNIER,GREFFE,7 PL DE L'ANCIEN COLLEGE,39,LONS LE SAUNIER CEDEX,+33 384244476,46.671361,5.550796,
Greffe de SALON-DE-PROVENCE,GREFFE,481 BD DE LA REPUBLIQUE,13,SALON DE PROVENCE CEDEX,+33 490560356,43.640493,5.08903,
Greffe de TROYES,GREFFE,134 RUE DU GENERAL DE GAULLE,10,TROYES,+33 325731508,48.297349,4.069437,
Greffe de SAINT-QUENTIN,GREFFE,PALAIS DE JUSTICE,2,ST QUENTIN CEDEX,+33 323623410,49.847897,3.284365,
Greffe de VILLEFRANCHE-TARARE,GREFFE,350 BD GAMBETTA,69,VILLEFRANCHE SUR SAONE,+33 474090286,45.993429,4.71517,
Greffe de TOULOUSE,GREFFE,PL DE LA BOURSE,31,TOULOUSE CEDEX 7,+33 561110200,43.601853,1.442252,
Greffe de AIX-EN-PROVENCE,GREFFE,38 COU MIRABEAU HOTEL D'ESPAGNET,13,AIX EN PROVENCE,+33 442377614,43.527354,5.449916,
Tribunal pour Enfants de Caen,ENFANT,Rue Saint-Manvieu  ,14,CAEN,+33 2 31 86 39 32,49.1829083,-0.3711223,
Tribunal pour Enfants d'Angoulême,ENFANT,Place Francis Louvel B.P. 214 ,16,ANGOULEME,+33 5 45 37 11 47,45.649207,0.15429,
Tribunal pour Enfants d'Aurillac,ENFANT,21 Place du Square  ,15,AURILLAC CEDEX,+33 4 71 45 59 59,44.927738,2.443886,
Tribunal pour Enfants de Dijon,ENFANT,Cité Judiciaire 13 Boulevard Clémenceau  BP 1513 ,21,DIJON CEDEX,+33 3 80 70 45 00,47.327213,5.0439875,
Tribunal pour Enfants d'Ajaccio,ENFANT,4 boulevard Masseria BP 47 ,20,AJACCIO CEDEX 1,+33 4 95 23 77 72,41.925605,8.736978,
Tribunal pour Enfants de Niort,ENFANT,2 Rue du Palais B.P. 8819 ,79,NIORT CEDEX,+33 5 49 77 22 50,46.323334,-0.466306,
Tribunal pour Enfants de Versailles,ENFANT,3 Avenue de l'Europe B.P. 1122 ,78,VERSAILLES CEDEX,+33 1 39 07 39 07,48.8034136,2.1304448,
Tribunal pour Enfants de Carpentras,ENFANT,Impasse du Siècle 41 Place du Général de Gaulle ,84,CARPENTRAS,+33 4 90 36 23 31,44.0520769,5.0476928,
Tribunal pour Enfants d'Avignon,ENFANT,Palais de Justice 2 Boulevard Limbert ,84,AVIGNON CEDEX 9,+33 4 32 74 75 06,43.944784,4.816066,
Tribunal pour Enfants de Chalon-sur-Saône,ENFANT,Rue Emiland-Menand  ,71,CHALON SUR SAONE,+33 3 85 93 77 00,46.7846259,4.8536094,
Tribunal pour Enfants de Vesoul,ENFANT,Place du Palais B.P. 387 ,70,VESOUL CEDEX,+33 3 84 78 58 00,47.623709,6.157897,
Tribunal pour Enfants de Meaux,ENFANT,Avenue Salvador Allendé B.P. 230 ,77,MEAUX,+33 1 60 09 75 00,48.9555641,2.890683,
Tribunal pour Enfants de Rouen,ENFANT,Annexe du Palais de Justice 31/33 Rue aux Juifs ,76,ROUEN CEDEX,+33 2 35 52 87 52,49.4420271,1.0923649,
Tribunal pour Enfants de Laon,ENFANT,Place Aubry  ,2,LAON CEDEX,+33 3 23 26 29 15,49.564965,3.625177,
Tribunal pour Enfants de Marseille,ENFANT,6 Rue Joseph Autran  ,13,MARSEILLE,+33 4 91 15 50 50,43.2907289,5.3740786,
Tribunal pour Enfants de Tarascon,ENFANT,quartier Kilmaine  ,13,TARASCON,+33 4 90 91 49 00,43.8036778245,4.66305549339,
Tribunal pour Enfants d'Aix-en-Provence,ENFANT,40 Boulevard Carnot  ,13,AIX EN PROVENCE,+33 4 42 33 83 00,43.5274683,5.4554748,
Tribunal pour Enfants de Rodez,ENFANT,Boulevard de Guizard BP 3123 ,12,RODEZ,+33 5 65 73 43 00,44.3489355,2.5727445,
Tribunal pour Enfants de Carcassonne,ENFANT,28 Boulevard Jean-Jaurès B.P. 818 ,11,CARCASSONNE,+33 4 68 25 75 45,43.214867,2.354691,
Tribunal pour Enfants de Troyes,ENFANT,83 Rue du Général de Gaulle  ,10,TROYES,+33 3 25 43 55 70,48.297202,4.069243,
Tribunal pour Enfants de Guéret,ENFANT,23 Place Bonnyaud  ,23,GUERET,+33 5 55 51 93 59,46.1690274,1.870893,
Tribunal pour Enfants de Brive-la-Gaillarde,ENFANT,Palais de Justice Boulevard du Maréchal Lyautey ,19,BRIVE LA GAILLARDE,+33 5 55 74 27 32,45.1567616,1.5325855,
Tribunal pour Enfants de Bourges,ENFANT,8 Rue des Arènes  ,18,BOURGES,+33 2 48 68 34 34,47.0849533,2.3929755,
Tribunal pour Enfants de La Rochelle,ENFANT,14 Rue du Palais  ,17,LA ROCHELLE,+33 5 46 50 58 31,46.1596168,-1.1537631,
Tribunal pour Enfants de Bordeaux,ENFANT,Rue des Frères Bonie  ,33,BORDEAUX CEDEX,+33 5 56 01 34 00,44.836788,-0.5799446,
Tribunal pour Enfants de Montbéliard,ENFANT,Cité Judiciaire Rue Mozart ,25,MONTBELIARD CEDEX,+33 3 81 90 70 00,47.5118726,6.7997133,
Tribunal pour Enfants de Besançon,ENFANT,1 Rue Mégevand B.P. 459 ,25,BESANCON,+33 3 81 61 60 00,47.236418,6.022855,
Tribunal pour Enfants de Périgueux,ENFANT,19 Bis Cours Montaigne  ,24,PERIGUEUX CEDEX,+33 5 53 02 77 00,45.1855341,0.720621,
Tribunal pour Enfants de Bergerac,ENFANT,Place de la République  ,24,BERGERAC,+33 5 53 74 40 00,44.8533557,0.4830045,
Tribunal pour Enfants d'Auxerre,ENFANT,Place du Palais de Justice B.P. 39 ,89,AUXERRE CEDEX,+33 3 86 72 30 10,47.798136,3.567723,
Tribunal pour Enfants de Bobigny,ENFANT,173 Av. P. Vaillant Couturier  ,93,BOBIGNY CEDEX,+33 1 48 95 13 93,48.9090756,2.4497642,
Tribunal pour Enfants de Saint-Pierre,ENFANT,28 Rue Augustin Archambaud B.P. 338 ,97,ST PIERRE CEDEX,+33 2 62 96 10 00,-21.3277429,55.4824541,
Tribunal pour Enfants de Papeete,ENFANT,42 Avenue Bruat B.P. 4633 ,98,PAPEETE,+689 41 55 00,-17.5430158023,-149.570898554,
Tribunal pour Enfants de Villefranche-sur-Saône,ENFANT,Palais de Justice 350 Boulevard Gambetta  B.P. 474 ,69,VILLEFRANCHE SUR SAONE,+33 4 74 65 63 63,45.9898649,4.7187518,
Tribunal pour Enfants de Laval,ENFANT,13 Place Saint Tugal BP 81515 ,53,LAVAL,+33 2 43 53 51 11,48.0693098,-0.7735482,
Tribunal pour Enfants de Narbonne,ENFANT,40 Bd du Général de Gaulle B.P. 810 ,11,NARBONNE CEDEX,+33 4 68 32 71 55,43.1842152,3.0088775,
Tribunal pour Enfants de Vienne,ENFANT,16 Place Charles de Gaulle  ,38,VIENNE CEDEX,+33 4 74 78 81 81,45.525884,4.8739588,
Tribunal pour Enfants de Valence,ENFANT,Place du Palais de Justice B.P. 2113 ,26,VALENCE CEDEX,+33 4 75 75 49 49,44.930308,4.927628,
Tribunal pour Enfants de Nice,ENFANT,3 Place du Palais   Palais Rusca  ,6,NICE,+33 4 92 17 30 00,43.709165,7.270946,
Tribunal pour Enfants de Chartres,ENFANT,6 Rue du Palais de Justice  ,28,CHARTRES,+33 2 37 18 77 54,48.4490898,1.486686,
Tribunal pour Enfants d'Evreux,ENFANT,Palais de Justice 30 Rue Joséphine ,27,EVREUX CEDEX,+33 2 32 29 55 00,49.023877,1.15966,
Tribunal pour Enfants de Quimper,ENFANT,48 A quai de l'Odet  ,29,QUIMPER,+33 2 98 82 88 06,47.992566,-4.108723,
Tribunal pour Enfants de Brest,ENFANT,32 Rue de Denver  ,29,BREST,+33 2 98 44 66 44,48.3843442,-4.485484,
Tribunal pour Enfants de Bastia,ENFANT,Rond Point de Moro Giafferi  ,20,BASTIA CEDEX,+33 4 95 55 23 61,42.7021365,9.4507475,
Tribunal pour Enfants de Toulouse,ENFANT,2 allées Jules Guesde BP 7015 ,31,TOULOUSE CEDEX 7,+33 5 34 31 79 80,43.593022,1.444409,
Tribunal pour Enfants de Nîmes,ENFANT,Nouveau Palais de Justice Boulevard des Arènes ,30,NIMES,+33 4 66 76 47 00,43.8343479,4.3590266,
Tribunal pour Enfants de Béziers,ENFANT,1 Place de la Révolution C.S. 604 ,34,BEZIERS,+33 4 67 49 60 04,43.3416465,3.2107551,
Tribunal pour Enfants d'Auch,ENFANT,Rue Victor Hugo  ,32,AUCH,+33 5 62 61 67 00,43.6528478,0.5729357,
Tribunal pour Enfants de Rennes,ENFANT,Cité Judiciaire 7 Rue Pierre Abélard   B.P. 3125 ,35,RENNES CEDEX,+33 2 99 65 37 37,48.1117611,-1.6802654,
Tribunal pour Enfants de Montpellier,ENFANT,Place Pierre Flotte  ,34,MONTPELLIER,+33 4 67 12 61 51,43.6104379,3.868906,
Tribunal pour Enfants de Châteauroux,ENFANT,Place Lucien Germereau B.P. 577 ,36,CHATEAUROUX,+33 2 54 60 35 25,46.8090392,1.6935539,
Tribunal pour Enfants de Saint-Malo,ENFANT,18 Avenue Jean Jaurès  ,35,ST MALO,+33 2 99 56 74 55,48.6483603,-2.0060383,
Tribunal pour Enfants de Dax,ENFANT,Rue des Fusillés B.P. 355 ,40,DAX,+33 5 58 56 88 20,43.709466,-1.051532,
Tribunal pour Enfants de Grenoble,ENFANT,Place Firmin Gautier B.P. 100 ,38,GRENOBLE CEDEX 1,+33 4 38 21 22 21,45.1908688,5.71143,
Tribunal pour Enfants de Cahors,ENFANT,Boulevard Léon Gambetta B.P. 289 ,46,CAHORS,+33 5 65 23 46 50,44.450094,1.440018,
Tribunal pour Enfants de Roanne,ENFANT,2 Rue Bayard B.P. 1279 ,42,ROANNE CEDEX,+33 4 77 72 71 72,46.0373279,4.0682927,
Tribunal pour Enfants de Mende,ENFANT,Boulevard Henri Bourillon  ,48,MENDE,+33 4 66 65 28 11,44.516188,3.49822,
Tribunal pour Enfants d'Agen,ENFANT,Place Armand Fallières  ,47,AGEN,+33 5 53 77 95 00,44.2007546,0.6172994,
Tribunal pour Enfants de Cherbourg,ENFANT,15 Rue des Tribunaux B.P. 740 ,50,CHERBOURG OCTEVILLE CEDEX,+33 2 33 01 61 61,49.638055,-1.62321,
Tribunal pour Enfants d'Angers,ENFANT,Palais de Justice Rue Waldeck Rousseau ,49,ANGERS CEDEX,+33 2 41 20 51 00,47.4712741,-0.5440579,
Tribunal pour Enfants de Reims,ENFANT,Place Myron Herrick  ,51,REIMS CEDEX,+33 3 26 49 53 53,49.2545811,4.0317319,
Tribunal pour Enfants de Coutances,ENFANT,Rue du Palais de Justice B.P. 719 ,50,COUTANCES CEDEX,+33 2 33 76 68 23,49.049118,-1.442756,
Tribunal pour Enfants de Metz,ENFANT,Rue Haute Pierre B.P. 41045 ,57,METZ CEDEX 01,+33 3 87 56 75 00,49.1170563,6.1714563,
Tribunal pour Enfants de Chaumont,ENFANT,Rue du Palais B.P. 2061 ,52,CHAUMONT,+33 3 25 32 84 20,48.112727,5.136812,
Tribunal pour Enfants de Bayonne,ENFANT,Avenue de la Légion Tchèque  ,64,BAYONNE,+33 5 59 44 54 42,43.4928709,-1.4881017,
Tribunal pour Enfants de Clermont-Ferrand,ENFANT,Palais de Justice 16 Place de l'Etoile ,63,CLERMONT FERRAND,+33 4 73 31 77 00,45.779422,3.080691,
Tribunal pour Enfants de Tarbes,ENFANT,Rue du Maréchal Foch  ,65,TARBES,+33 5 62 51 77 00,43.231872,0.076531,
Tribunal pour Enfants de Pau,ENFANT,Place de la Libération  ,64,PAU,+33 5 59 82 46 00,43.2976804,-0.3712257,
Tribunal pour Enfants de Soissons,ENFANT,76 rue Saint-Martin  ,2,SOISSONS CEDEX,+33 3 23 76 39 39,49.3804223,3.3280404,
Tribunal pour Enfants de Bourg-en-Bresse,ENFANT,3 rue Paul Pioda CF 70252 ,1,BOURG EN BRESSE CEDEX,+33 4 74 24 19 53,46.2048263,5.2255015,
Tribunal pour Enfants de Grasse,ENFANT,37 Avenue Pierre Semard B.P. 71029 ,6,GRASSE,+33 4 92 60 72 85,43.656694,6.928526,
Tribunal pour Enfants de Moulins,ENFANT,20 Rue de Paris B.P. 1627 ,3,MOULINS CEDEX,+33 4 70 20 44 60,46.5683737,3.330534,
Tribunal pour Enfants de Mulhouse,ENFANT,44 Avenue Robert Schumann  ,68,MULHOUSE CEDEX 3,+33 3 89 66 10 44,47.7530337,7.3439933,
Tribunal pour Enfants de Perpignan,ENFANT,5 Bd des Pyrénées B.P. 921 ,66,PERPIGNAN CEDEX,+33 4 68 51 97 40,42.6966749,2.8884076,
Tribunal pour Enfants d'Albi,ENFANT,Place du Palais B.P. 156 ,81,ALBI,+33 5 63 49 49 82,43.9266871,2.1459039,
Tribunal pour Enfants d'Amiens,ENFANT,8 Rue Pierre Dubois  ,80,AMIENS CEDEX 1,+33 3 22 82 35 00,49.8921893,2.3017157,
Tribunal pour Enfants de Montauban,ENFANT,Place du Coq  ,82,MONTAUBAN,+33 5 63 21 40 00,44.016847,1.353339,
Tribunal pour Enfants de Castres,ENFANT,4 Rue du Palais B.P. 409 ,81,CASTRES,+33 5 63 51 93 00,43.605796,2.23817,
Tribunal pour Enfants de Draguignan,ENFANT,Palais de Justice 11 Rue Pierre Clément  B.P. 273 ,83,DRAGUIGNAN,+33 4 94 60 57 00,43.537228,6.447793,
Tribunal pour Enfants de Limoges,ENFANT,Annexe du Palais de Justice 23 Place Winston Churchill ,87,LIMOGES,+33 5 55 11 81 50,45.8312905,1.2542406,
Tribunal pour Enfants de La Roche-Sur-Yon,ENFANT,55 Boulevard Aristide Briand B.P. 833 ,85,LA ROCHE SUR YON CEDEX,+33 2 51 47 61 00,46.6710017,-1.4322826,
Tribunal pour Enfants de Tours,ENFANT,2 Place Jean-Jaurès  ,37,TOURS CEDEX,+33 2 47 60 26 60,47.3900896,0.6897644,
Tribunal pour Enfants de Nantes,ENFANT,Quai François Mitterrand  ,44,NANTES CEDEX 9,+33 2 51 17 96 74,47.207549,-1.557124,
Tribunal pour Enfants de Saint-Nazaire,ENFANT,77 Rue Albert de Mun B.P. 263 ,44,ST NAZAIRE,+33 2 40 00 30 10,47.278845,-2.214212,
Tribunal pour Enfants de Saint-Etienne,ENFANT,Place du Palais de Justice  ,42,ST ETIENNE CEDEX 1,+33 4 77 43 34 30,45.4379283,4.3842586,
Tribunal pour Enfants du Puy-en-Velay,ENFANT,Place du Breuil  ,43,LE PUY EN VELAY,+33 4 71 09 05 70,45.0420584,3.8838852,
Tribunal pour Enfants de Châlons-en-Champagne,ENFANT,16 Rue de Toussaint  ,51,CHALONS EN CHAMPAGNE,+33 3 26 66 10 42,48.958624,4.3597352,
Tribunal pour Enfants de Lorient,ENFANT,Rue Maître Esvelin Porte B ,56,LORIENT,+33 2 97 84 12 81,47.7505991,-3.3672637,
Tribunal pour Enfants de Montargis,ENFANT,84 Rue du Général Leclerc  ,45,MONTARGIS CEDEX,+33 2 38 87 59 00,47.9988918,2.7297794,
Tribunal pour Enfants d'Orléans,ENFANT,7 Rue des Huguenots  ,45,ORLEANS CEDEX 1,+33 2 38 74 58 34,47.9049637,1.9072668,
Tribunal pour Enfants de Cambrai,ENFANT,Château de Selles  Rue Freissart B.P. 379 ,59,CAMBRAI CEDEX,+33 3 27 73 37 37,50.1753508,3.2343689,
Tribunal pour Enfants de Douai,ENFANT,47 Rue Merlin de Douai  ,59,DOUAI,+33 3 27 93 27 68,50.3691673,3.0782007,
Tribunal pour Enfants de Vannes,ENFANT,22 Place de la République B.P. 503 ,56,VANNES CEDEX,+33 2 97 43 77 09,47.656336,-2.761394,
Tribunal pour Enfants de Nevers,ENFANT,Place du Palais B.P. 6 ,58,NEVERS CEDEX,+33 3 86 93 44 44,46.986588,3.157571,
Tribunal pour Enfants de Valenciennes,ENFANT,6 Avenue des Dentellières B.P. 349 ,59,VALENCIENNES,+33 3 27 14 67 00,50.3568459,3.5212273,
Tribunal pour Enfants de Beauvais,ENFANT,20 Boulevard Saint-Jean B.P. 325 ,60,BEAUVAIS CEDEX,+33 3 44 79 60 16,49.429088,2.075929,
Tribunal pour Enfants de Dunkerque,ENFANT,Place du Palais de Justice B.P. 6365 ,59,DUNKERQUE CEDEX 1,+33 3 28 23 53 00,51.031136,2.374939,
Tribunal pour Enfants de Lille,ENFANT,13 Avenue du Peuple Belge B.P. 729 ,59,LILLE CEDEX,+33 3 20 78 33 33,50.6422913,3.0632515,
Tribunal pour Enfants d'Alençon,ENFANT,Place Foch  ,61,ALENCON,+33 2 33 82 25 17,48.430277,0.0828104,
Tribunal pour Enfants d'Arras,ENFANT,13 Rue Roger Salengro  ,62,ARRAS,+33 3 21 51 84 40,50.2938427,2.7685987,
Tribunal pour Enfants de Compiègne,ENFANT,11 Rue Henri de Séroux B.P. 80059 ,60,COMPIEGNE,+33 3 44 38 35 35,49.417087,2.82813,
Tribunal pour Enfants de Senlis,ENFANT,Cité Judiciaire Boulevard Pasteur   B.P. 112 ,60,SENLIS CEDEX,+33 3 44 53 91 00,49.210439,2.58386,
Tribunal pour Enfants de Saverne,ENFANT,7 Rue du Tribunal B.P. 50135 ,67,SAVERNE CEDEX,+33 3 88 71 61 80,48.74059,7.364851,
Tribunal pour Enfants de Strasbourg,ENFANT,1 Quai Finkmatt B.P. 1030 F ,67,STRASBOURG CEDEX,+33 3 88 75 27 56,48.5870345,7.7466246,
Tribunal pour Enfants de Béthune,ENFANT,Place Lamartine B.P. 716 ,62,BETHUNE CEDEX,+33 3 21 68 72 00,50.534256,2.638276,
Tribunal pour Enfants de Boulogne-Sur-Mer,ENFANT,Place de la Résistance  ,62,BOULOGNE SUR MER,+33 3 21 99 61 23,50.725134,1.612177,
Tribunal pour Enfants du Mans,ENFANT,Cité Judiciaire 1 Avenue Paul Mendès-France ,72,LE MANS CEDEX,+33 2 43 83 78 01,48.0077158,0.1985787,
Tribunal pour Enfants de Chambéry,ENFANT,Place du Palais de Justice B.P. 1023 ,73,CHAMBERY CEDEX,+33 4 79 33 60 09,45.568124,5.918642,
Tribunal pour Enfants de Colmar,ENFANT,Place du Marché aux Fruits  ,68,COLMAR CEDEX,+33 3 89 20 56 00,48.075511,7.3584175,
Tribunal pour Enfants de Mâcon,ENFANT,Palais de Justice 8 Rue de la Préfecture ,71,MACON CEDEX,+33 3 85 39 92 00,46.3076337,4.8326325,
Tribunal pour Enfants de Thonon-les-Bains,ENFANT,10; rue de l'Hôtel Dieu BP 50 529 ,74,THONON LES BAINS,+33 4 50 81 20 00,46.3689144,6.4788028,
Tribunal pour Enfants de Dieppe,ENFANT,Palais de Justice  Square Carnot B.P. 229 ,76,DIEPPE CEDEX,+33 2 35 82 75 55,49.924564,1.083359,
Tribunal pour Enfants d'Annecy,ENFANT,51 rue Sommeiller B.P. 2321 ,74,ANNECY CEDEX,+33 4 50 10 17 00,45.9023987,6.1262784,
Tribunal pour Enfants de Bonneville,ENFANT,18 Quai du Parquet  ,74,BONNEVILLE CEDEX,+33 4 56 30 90 00,46.0790376,6.4045304,
Tribunal pour Enfants d'Epinal,ENFANT,Place Edmond Henry B.P. 575 ,88,EPINAL,+33 3 29 34 53 53,48.1745814,6.4515713,
Tribunal pour Enfants du Havre,ENFANT,125 bis  Bd de Strasbourg B.P. 6 ,76,LE HAVRE CEDEX,+33 2 32 92 57 40,49.4927431,0.1165952,
Tribunal pour Enfants de Melun,ENFANT,2 Avenue du Général Leclerc  ,77,MELUN,+33 1 64 79 80 37,48.527225,2.653534,
Tribunal pour Enfants de Nanterre,ENFANT,179-191 Avenue Joliot Curie  ,92,NANTERRE CEDEX,+33 1 40 97 10 10,48.8970987,2.2176603,
Tribunal pour Enfants de Belfort,ENFANT,9 place de la République  ,90,BELFORT,+33 3 84 58 53 00,47.639285,6.861898,
Tribunal pour Enfants d'Evry,ENFANT,9 Rue des Mazières  ,91,EVRY CEDEX,+33 1 60 76 78 00,48.6297484,2.4309592,
Tribunal pour Enfants de Basse-Terre,ENFANT,4 Boulevard Félix Eboué  ,97,BASSE TERRE,+33 5 90 80 63 80,16.2681696,-61.5857963,
Tribunal pour Enfants de Pointe-à-Pitre,ENFANT,Place Gourbeyre  ,97,POINTE A PITRE,+33 5 90 89 69 52,16.2411111,-61.5330556,
Tribunal pour Enfants de Créteil,ENFANT,Rue Pasteur Vallery Radot  ,94,CRETEIL CEDEX,+33 1 49 81 16 00,48.7836024,2.4423209,
Tribunal pour Enfants de Pontoise,ENFANT,3 Rue Victor Hugo B.P. 220 ,95,CERGY PONTOISE CEDEX,+33 1 72 58 70 00,49.0518084,2.1006419,
Tribunal pour Enfants de Saint-Denis-de-La Réunion,ENFANT,5 Avenue André Malraux B.P. 338 ,97,STE CLOTILDE CEDEX,+33 2 62 40 24 17,-20.888016,55.46583,
Tribunal pour Enfants de Fort-de-France,ENFANT,Palais de Justice 35 Bd du Gal de Gaulle   BP 633 ,97,FORT DE FRANCE,+33 5 96 48 41 41,14.637392,-61.069045,
Tribunal pour Enfants de Cayenne,ENFANT,Avenue du Général de Gaulle  ,97,CAYENNE,+33 5 94 29 76 30,4.9383192,-52.3294682,
Tribunal pour Enfants de Nouméa,ENFANT,2 Boulevard Extérieur B.P. F4 ,98,NOUMEA CEDEX,+687 27 93 50,-22.2747558,166.4490616,
Tribunal pour Enfants de Mata-Utu,ENFANT,Tribunal de Première Instance de MATA-UTU ,98,UVEA,+681 72 27 15,-13.2833333,-176.1833333,
Tribunal pour Enfants de Thionville,ENFANT,Quai Marchal B.P. 80348 ,57,THIONVILLE CEDEX,+33 3 82 82 43 50,49.3580493,6.169636,
Tribunal pour Enfants d'Avesnes-sur-Helpe,ENFANT,10 Place Guillemin  ,59,AVESNES SUR HELPE,+33 3 27 56 13 00,50.1227092,3.9319415,
Tribunal pour Enfants de Saint-Omer,ENFANT,3 Rue des Tribunaux B.P. 376 ,62,ST OMER CEDEX,+33 3 21 98 79 85,50.7484602,2.2534883,
Tribunal pour Enfants de Briey,ENFANT,4 Rue du Maréchal Foch ou 9 Place de l'Eglise ,54,BRIEY CEDEX,+33 3 82 47 56 27,49.2872145,5.9632071,
Tribunal pour Enfants de Nancy,ENFANT,Cité Judiciaire  ,54,NANCY CEDEX,+33 3 83 90 85 00,48.6907887,6.1825044,
Tribunal pour Enfants de Verdun,ENFANT,Place Saint-Paul  ,55,VERDUN CEDEX,+33 3 29 86 14 05,49.163768,5.3844849,
Tribunal pour Enfants de Sarreguemines,ENFANT,Place du Général Sibille B.P. 71129 ,57,SARREGUEMINES CEDEX,+33 3 87 28 31 00,49.108781,7.068461,
Tribunal pour Enfants de Digne-les-Bains,ENFANT,6 Place des Recollets  ,4,DIGNE LES BAINS,+33 4 92 31 05 21,44.0918373,6.2396215,
Tribunal pour Enfants de Gap,ENFANT,Palais de Justice Place Saint-Arnoux ,5,GAP CEDEX,+33 4 92 40 70 00,44.5574443937,6.07748196428,
Tribunal pour Enfants de Privas,ENFANT,Cours du Palais  ,7,PRIVAS,+33 4 75 66 40 00,44.734646,4.60017,
Tribunal pour Enfants de Charleville-Mézières,ENFANT,9 Esplanade du Palais de Justice  ,8,CHARLEVILLE MEZIERES,+33 3 24 57 29 23,49.760902,4.7216075,
Tribunal pour Enfants de Saint-Quentin,ENFANT,Rue Victor Basch B.P. 645/1 ,2,ST QUENTIN CEDEX,+33 3 23 05 89 00,49.84719,3.285475,
Tribunal pour Enfants de Lons-Le-Saunier,ENFANT,11 Rue Pasteur B.P. 20344 ,39,LONS LE SAUNIER CEDEX,+33 3 84 35 13 00,46.67339,5.556862,
Tribunal pour Enfants de Mont-de-Marsan,ENFANT,5 Avenue du 8 mai 1945 B.P. 315 ,40,MONT DE MARSAN,+33 5 58 85 41 64,43.893023,-0.501646,
Tribunal pour Enfants de Blois,ENFANT,Place de la République  ,41,BLOIS CEDEX,+33 2 54 44 60 99,47.589372,1.3338,
Tribunal pour Enfants de Foix,ENFANT,Palais de Justice  Rue du Rocher B.P. 78 ,9,FOIX CEDEX,+33 5 61 09 19 26,42.9639801,1.6070809,
Tribunal pour Enfants de Bourgoin-Jallieu,ENFANT,10 Rue du Tribunal B.P. 648 ,38,BOURGOIN JALLIEU CEDEX,+33 4 74 28 78 78,45.586789,5.276511,
Tribunal pour Enfants de Saint-Brieuc,ENFANT,Parc des Promenades  ,22,ST BRIEUC CEDEX 1,+33 2 96 62 30 07,48.5139819,-2.7626027,
Tribunal pour Enfants de Libourne,ENFANT,22 Rue Thiers B.P. 202 ,33,LIBOURNE CEDEX,+33 5 57 55 36 80,44.913816,-0.244407,
Tribunal pour Enfants de Paris,ENFANT,4 Boulevard du Palais  ,75,PARIS,+33 1 44 32 54 34,48.8548767,2.3454235,
Tribunal pour Enfants de Lyon,ENFANT,67 Rue Servient  ,69,LYON CEDEX 03,+33 4 72 60 70 12,45.7603055,4.8465698,
Tribunal pour Enfants de Poitiers,ENFANT,19 Rue Paul Bert  ,86,POITIERS,+33 5 49 50 26 40,46.5849263,0.3404148,
Tribunal de Grande Instance de Meaux,GRANDE_INSTANCE,44 Avenue Salvador Allendé B.P. 230 ,77,MEAUX,+33 1 60 09 75 00,48.956216,2.888272,
Tribunal de Grande Instance du Mans,GRANDE_INSTANCE,Cité Judiciaire 1 Avenue Pierre Mendès-France ,72,LE MANS CEDEX,+33 2 43 83 77 00,48.0064699,0.1997661,
Tribunal de Grande Instance de Draguignan,GRANDE_INSTANCE,Palais de Justice 11 Rue Pierre Clément   B.P. 273 ,83,DRAGUIGNAN,+33 4 94 60 57 00,43.537228,6.447793,
Tribunal de Grande Instance de Versailles,GRANDE_INSTANCE,  3 Avenue de l'Europe,78,VERSAILLES CEDEX,+33 1 39 07 39 07,48.803612,2.130523,
Tribunal de Grande Instance de Blois,GRANDE_INSTANCE,  Place de la République,41,BLOIS CEDEX,+33 2 54 44 60 99,47.589372,1.3338,
Tribunal de Grande Instance de Vienne,GRANDE_INSTANCE,  16 Place Charles de Gaulle,38,VIENNE CEDEX,+33 4 74 78 81 81,45.525884,4.8739588,
Tribunal de Grande Instance de Nevers,GRANDE_INSTANCE,Place du Palais B.P. 6 ,58,NEVERS CEDEX,+33 3 86 93 44 44,46.986588,3.157571,
Tribunal de Grande Instance de Metz,GRANDE_INSTANCE,3 Rue Haute Pierre B.P. 81022 ,57,METZ CEDEX 01,+33 3 87 56 75 00,49.116779,6.171264,
Tribunal de Grande Instance d'Ajaccio,GRANDE_INSTANCE,4 boulevard Masseria BP 47 ,20,AJACCIO CEDEX 1,+33 4 95 29 06 06,41.925605,8.736978,
Tribunal de Grande Instance de Tours,GRANDE_INSTANCE,  2 Place Jean-Jaurès,37,TOURS CEDEX,+33 2 47 60 26 60,47.3900896,0.6897644,
Tribunal de Grande Instance de Saint-Malo,GRANDE_INSTANCE,1 Place Saint-Aaron CS 51731 ,35,ST MALO,+33 2 99 20 20 20,48.6481785,-2.0260898,
Tribunal de Première Instance de Mata-Utu,GRANDE_INSTANCE,Tribunal de Première Instance de MATA-UTU ,98,UVEA,+681 72 27 15,-13.2833333,-176.1833333,
Tribunal de Première Instance de Nouméa,GRANDE_INSTANCE,2 Bd Extérieur   Fg Blanchot B.P. F4 ,98,NOUMEA CEDEX,+687 27 93 50,-22.2758333,166.4580556,
Tribunal de Grande Instance de Quimper,GRANDE_INSTANCE,  48 A quai de l'Odet,29,QUIMPER,+33 2 98 82 88 00,47.992566,-4.108723,
Tribunal de Grande Instance de Périgueux,GRANDE_INSTANCE,19 Bis Cours Montaigne B.P. 9051 ,24,PERIGUEUX CEDEX,+33 5 53 02 77 00,45.185563,0.720548,
Tribunal de Grande Instance de Saint-Pierre,GRANDE_INSTANCE,28 Rue Augustin Archambeaud B.P. 338 ,97,ST PIERRE CEDEX,+33 2 62 96 10 00,-21.323885,55.486915,
Tribunal de Grande Instance de Troyes,GRANDE_INSTANCE,  83 Rue du Général de Gaulle,10,TROYES,+33 3 25 43 55 70,48.297202,4.069243,
Tribunal de Grande Instance de Carpentras,GRANDE_INSTANCE,Place du Général de Gaulle B.P. 265 ,84,CARPENTRAS,+33 4 90 63 66 00,44.061565,5.057299,
Tribunal de Grande Instance d'Avignon,GRANDE_INSTANCE,Palais de Justice 2 Boulevard Limbert ,84,AVIGNON CEDEX 9,+33 4 32 74 74 00,43.944784,4.816066,
Tribunal de Grande Instance de Saint-Denis-de-La-Réunion,GRANDE_INSTANCE,5 Avenue André Malraux B.P. 338 ,97,STE CLOTILDE CEDEX,+33 2 62 40 23 45,-20.888016,55.46583,
Tribunal de Grande Instance de Limoges,GRANDE_INSTANCE,Palais de Justice 17 Place d'Aine ,87,LIMOGES,+33 5 55 11 81 00,45.830161,1.255227,
Tribunal de Grande Instance de Briey,GRANDE_INSTANCE,Cité Judiciaire Place de l'Eglise B.P. 139 ,54,BRIEY CEDEX,+33 3 82 47 56 00,49.252821,5.974587,
Tribunal de Grande Instance de Nanterre,GRANDE_INSTANCE,  179-191 Avenue Joliot Curie,92,NANTERRE CEDEX,+33 1 40 97 10 10,48.8970987,2.2176603,
Tribunal de Grande Instance de Brest,GRANDE_INSTANCE,32 Rue de Denver B.P. 60123 ,29,BREST,+33 2 98 33 78 00,48.384325,-4.485586,
Tribunal de Grande Instance de Saint-Brieuc,GRANDE_INSTANCE,Parc des Promenades B.P. 2357 ,22,ST BRIEUC CEDEX 1,+33 2 96 62 30 00,48.513017,-2.757331,
Tribunal de Grande Instance de Bayonne,GRANDE_INSTANCE,  Avenue de la Légion Tchèque,64,BAYONNE,+33 5 59 44 54 00,43.4928709,-1.4881017,
Tribunal de Grande Instance de Villefranche-sur-Saône,GRANDE_INSTANCE,Palais de Justice 350 Bld Gambetta   B.P. 474 ,69,VILLEFRANCHE SUR SAONE,+33 4 74 65 63 63,45.986718,4.722057,
Tribunal de Grande Instance de Lyon,GRANDE_INSTANCE,  67 Rue Servient,69,LYON CEDEX 03,+33 4 72 60 70 12,45.7603055,4.8465698,
Tribunal de Grande Instance de Saint-Omer,GRANDE_INSTANCE,  3 Rue des Tribunaux,62,ST OMER CEDEX,+33 3 21 98 79 70,50.747411,2.253846,
Tribunal de Grande Instance de Compiègne,GRANDE_INSTANCE,11 Rue Henri de Séroux B.P. 80059 ,60,COMPIEGNE,+33 3 44 38 35 24,49.417087,2.82813,
Tribunal de Grande Instance de Montpellier,GRANDE_INSTANCE,  Place Pierre Flotte,34,MONTPELLIER,+33 4 67 12 60 00,43.6104379,3.868906,
Tribunal de Grande Instance de Dax,GRANDE_INSTANCE,Rue des Fusillés B.P. 355 ,40,DAX,+33 5 58 56 88 20,43.709466,-1.051532,
Section Détachée du Tribunal de Première Instance à Lifou,GRANDE_INSTANCE,  Section Détachée de Lifou,98,WE,+687 45 12 82,-21.0384968,167.2405153,
Tribunal de Grande Instance de Chalon-sur-Saône,GRANDE_INSTANCE,  Rue Emiland-Menand,71,CHALON SUR SAONE,+33 3 85 93 77 00,46.7846259,4.8536094,
Tribunal de Grande Instance de Soissons,GRANDE_INSTANCE,  76 Rue Saint-Martin,2,SOISSONS CEDEX,+33 3 23 76 39 39,49.3804223,3.3280404,
Tribunal de Grande Instance de Mende,GRANDE_INSTANCE,  Boulevard Henri Bourillon,48,MENDE,+33 4 66 65 28 11,44.516188,3.49822,
Tribunal de Grande Instance de Poitiers,GRANDE_INSTANCE,10 Place Alphonse Lepetit B.P. 527 ,86,POITIERS,+33 5 49 50 22 00,46.583217,0.341729,
Tribunal de Grande Instance de Mulhouse,GRANDE_INSTANCE,  21 Avenue Robert Schumann,68,MULHOUSE CEDEX 3,+33 3 89 36 25 00,47.752347,7.342874,
Tribunal de Grande Instance de Bergerac,GRANDE_INSTANCE,Place du Palais B.P. 207 ,24,BERGERAC,+33 5 53 74 40 00,44.85283,0.485636,
Tribunal de Grande Instance de Saint-Etienne,GRANDE_INSTANCE,  Place du Palais de Justice,42,ST ETIENNE CEDEX 1,+33 4 77 43 33 00,45.4379283,4.3842586,
Tribunal de Grande Instance de Rouen,GRANDE_INSTANCE,Palais de Justice 1 Place du Maréchal Foch ,76,ROUEN CEDEX,+33 2 35 52 87 52,49.442231,1.091543,
Tribunal de Grande Instance de Chaumont,GRANDE_INSTANCE,Rue du Palais B.P. 2061 ,52,CHAUMONT,+33 3 25 32 84 20,48.112727,5.136812,
Tribunal de Grande Instance de Bourg-en-Bresse,GRANDE_INSTANCE,4 Rue du Palais B.P. 306 ,1,BOURG EN BRESSE CEDEX,+33 4 74 24 19 53,46.205529,5.223488,
Tribunal de Grande Instance de Grenoble,GRANDE_INSTANCE,Place Firmin Gautier BP 100 ,38,GRENOBLE CEDEX 1,+33 4 38 21 21 21,45.190629,5.711582,
Tribunal de Grande Instance de Cusset,GRANDE_INSTANCE,  Rue du Drapeau,3,CUSSET CEDEX,+33 4 70 30 98 30,46.132877,3.456196,
Tribunal de Grande Instance de Montluçon,GRANDE_INSTANCE,  114 Boulevard de Courtais,3,MONTLUCON,+33 4 70 28 12 13,46.3398176,2.6078132,
Tribunal de Grande Instance de Laon,GRANDE_INSTANCE,  Place Aubry,2,LAON CEDEX,+33 3 23 26 29 00,49.564965,3.625177,
Tribunal de Grande Instance de Saint-Quentin,GRANDE_INSTANCE,Rue Victor Basch B.P. 645/1 ,2,ST QUENTIN CEDEX,+33 3 23 05 89 00,49.84719,3.285475,
Tribunal de Grande Instance d'Aix-en-Provence,GRANDE_INSTANCE,  40 Boulevard Carnot,13,AIX EN PROVENCE,+33 4 42 33 83 00,43.5274683,5.4554748,
Tribunal de Grande Instance de Grasse,GRANDE_INSTANCE,37 Avenue Pierre Semard B.P. 71029 ,6,GRASSE,+33 4 92 60 72 00,43.656694,6.928526,
Tribunal de Grande Instance de Nice,GRANDE_INSTANCE,  Place du Palais,6,NICE,+33 4 92 17 70 00,43.696633,7.2737625,
Tribunal de Grande Instance de Rodez,GRANDE_INSTANCE,Boulevard de Guizard BP 3123 ,12,RODEZ,+33 5 65 73 43 00,44.3489355,2.5727445,
Tribunal de Grande Instance de Sarreguemines,GRANDE_INSTANCE,Place du Général Sibille B.P. 71129 ,57,SARREGUEMINES CEDEX,+33 3 87 28 31 00,49.108781,7.068461,
Tribunal de Grande Instance d'Aurillac,GRANDE_INSTANCE,  21 Place du Square,15,AURILLAC CEDEX,+33 4 71 45 59 59,44.927738,2.443886,
Tribunal de Grande Instance d'Angoulême,GRANDE_INSTANCE,Place Francis Louvel B.P. 214 ,16,ANGOULEME,+33 5 45 37 11 00,45.649207,0.15429,
Tribunal de Grande Instance de Marseille,GRANDE_INSTANCE,  6 Rue Joseph Autran,13,MARSEILLE,+33 4 91 15 50 50,43.2907289,5.3740786,
Tribunal de Grande Instance de Lisieux,GRANDE_INSTANCE,Cour Matignon B.P. 47227 ,14,LISIEUX CEDEX,+33 2 31 48 53 60,49.146344,0.235969,
Tribunal de Grande Instance de Roanne,GRANDE_INSTANCE,5 Bis Place Georges Clémenceau B.P. 515 ,42,ROANNE CEDEX,+33 4 77 44 48 00,46.039881,4.072387,
Tribunal de Grande Instance de Lorient,GRANDE_INSTANCE,1 Rue Maître Esvelin Porte A ,56,LORIENT,+33 2 97 84 12 50,47.744802,-3.363643,
Tribunal de Grande Instance de Mâcon,GRANDE_INSTANCE,Palais de Justice 8 Rue de la Préfecture ,71,MACON CEDEX,+33 3 85 39 92 00,46.3076337,4.8326325,
Tribunal de Grande Instance de Tarascon,GRANDE_INSTANCE,  Place  du docteur Braye,13,TARASCON,+33 4 90 91 72 00,43.8048118,4.6582203,
Tribunal de Grande Instance de Brive-la-Gaillarde,GRANDE_INSTANCE,Palais de Justice Boulevard du Maréchal Lyautey ,19,BRIVE LA GAILLARDE,+33 5 55 17 77 77,45.1567616,1.5325855,
Tribunal de Grande Instance de Beauvais,GRANDE_INSTANCE,20 Boulevard Saint-Jean B.P. 325 ,60,BEAUVAIS CEDEX,+33 3 44 79 60 60,49.429088,2.075929,
Tribunal de Grande Instance de La Rochelle,GRANDE_INSTANCE,  10 Rue du Palais,17,LA ROCHELLE,+33 5 46 50 87 10,46.159808,-1.1536929,
Tribunal de Grande Instance de Charleville-Mézières,GRANDE_INSTANCE,  9 Esplanade du Palais de Justice,8,CHARLEVILLE MEZIERES,+33 3 24 57 69 00,49.760902,4.7216075,
Tribunal de Grande Instance de Foix,GRANDE_INSTANCE,Palais de Justice 14 Rue du Rocher   B.P. 78 ,9,FOIX CEDEX,+33 5 61 02 19 00,42.96647,1.605087,
Tribunal de Grande Instance de Pau,GRANDE_INSTANCE,Palais de Justice 5 Place de la Libération ,64,PAU,+33 5 59 82 46 15,43.297682,-0.371384,
Tribunal de Grande Instance de Caen,GRANDE_INSTANCE,  Place Fontette,14,CAEN,+33 2 31 30 55 55,49.181939,-0.370636,
Tribunal de Grande Instance de Clermont-Ferrand,GRANDE_INSTANCE,Palais de Justice 16 Place de l'Etoile ,63,CLERMONT FERRAND,+33 4 73 31 77 00,45.779422,3.080691,
Tribunal de Grande Instance de Moulins,GRANDE_INSTANCE,20 Rue de Paris B.P. 1627 ,3,MOULINS CEDEX,+33 4 70 35 14 55,46.5683737,3.330534,
Tribunal de Grande Instance de Perpignan,GRANDE_INSTANCE,Place Arago B.P. 921 ,66,PERPIGNAN CEDEX,+33 4 68 51 96 96,42.703347,2.884902,
Tribunal de Grande Instance d'Auxerre,GRANDE_INSTANCE,Place du Palais de Justice B.P. 39 ,89,AUXERRE CEDEX,+33 3 86 72 30 00,47.798136,3.567723,
Tribunal de Grande Instance de Tarbes,GRANDE_INSTANCE,  Rue du Maréchal Foch,65,TARBES,+33 5 62 51 77 00,43.231872,0.076531,
Tribunal de Grande Instance de Nîmes,GRANDE_INSTANCE,Nouveau Palais de Justice Boulevard des Arènes ,30,NIMES,+33 4 66 76 47 00,43.8343479,4.3590266,
Tribunal de Grande Instance de Strasbourg,GRANDE_INSTANCE,Quai Finkmatt B.P. 1030 ,67,STRASBOURG CEDEX,+33 3 88 75 27 27,48.587234,7.747288,
Section Détachée du Tribunal de Première Instance à Nuku-Hiva,GRANDE_INSTANCE,Section Détachée de Nuku-Hiva TAIOHAE  BP 47 ,98,AAKAPA,+689 92 03 25,-8.795346,-140.228315,
Section Détachée du Tribunal de Première Instance à Raïatéa,GRANDE_INSTANCE,Section Détachée de Raïatéa UTUROA  BP 38 ,98,UTUROA,+689 66 32 08,-16.7328701,-151.4420882,
Section Détachée du Tribunal de Première Instance à Koné,GRANDE_INSTANCE,  Section Détachée de Koné,98,KONE,+687 35 55 13,-21.060339,164.865749,
Tribunal de Grande Instance de Saverne,GRANDE_INSTANCE,7 Rue du Tribunal B.P. 50135 ,67,SAVERNE CEDEX,+33 3 88 71 61 51,48.74059,7.364851,
Tribunal de Grande Instance de Béziers,GRANDE_INSTANCE,Place de la Révolution C.S. 604 ,34,BEZIERS,+33 4 67 49 60 00,43.34146,3.210654,
Tribunal de Grande Instance de Rennes,GRANDE_INSTANCE,Cité Judiciaire - CS 73127 7 Rue Pierre Abélard ,35,RENNES CEDEX,+33 2 99 65 37 37,48.105532,-1.686493,
Tribunal de Grande Instance de Mont-de-Marsan,GRANDE_INSTANCE,5 Avenue du 8 mai 1945 B.P. 315 ,40,MONT DE MARSAN,+33 5 58 85 41 85,43.893023,-0.501646,
Tribunal de Grande Instance de Bordeaux,GRANDE_INSTANCE,  30 Rue des Frères Bonie,33,BORDEAUX CEDEX,+33 5 47 33 90 00,44.836622,-0.580456,
Tribunal de Grande Instance de Toulouse,GRANDE_INSTANCE,2 Allée Jules Guesde B.P. 7015 ,31,TOULOUSE CEDEX 7,+33 5 61 33 70 00,43.593022,1.444409,
Tribunal de Grande Instance de Montbéliard,GRANDE_INSTANCE,Cité Judiciaire Rue Mozart ,25,MONTBELIARD CEDEX,+33 3 81 90 70 00,47.5118726,6.7997133,
Tribunal de Grande Instance de Besançon,GRANDE_INSTANCE,1 Rue Mégevand B.P. 459 ,25,BESANCON,+33 3 81 61 60 00,47.236418,6.022855,
Tribunal de Grande Instance de Reims,GRANDE_INSTANCE,  Place Myron Herrick,51,REIMS CEDEX,+33 3 26 49 53 51,49.2545811,4.0317319,
Tribunal de Grande Instance de Cherbourg,GRANDE_INSTANCE,15 Rue des Tribunaux B.P. 740 ,50,CHERBOURG OCTEVILLE CEDEX,+33 2 33 01 61 61,49.638055,-1.62321,
Tribunal de Grande Instance de Laval,GRANDE_INSTANCE,13 Place Saint Tugal B.P. 81515 ,53,LAVAL,+33 2 43 49 57 00,48.06931,-0.77361,
Tribunal de Grande Instance de Dijon,GRANDE_INSTANCE,Cité Judiciaire 13 Bld Clémenceau   BP 13313 ,21,DIJON CEDEX,+33 3 80 70 45 00,47.323411,5.045469,
Tribunal de Grande Instance de Bar-le-Duc,GRANDE_INSTANCE,  21-25 place Saint-Pierre,55,BAR LE DUC,+33 3 29 79 02 95,48.769016,5.159238,
Tribunal de Grande Instance de Nancy,GRANDE_INSTANCE,Cité Judiciaire Rue du Général Fabvier ,54,NANCY CEDEX,+33 3 83 90 85 00,48.6776425,6.1757727,
Tribunal de Grande Instance d'Angers,GRANDE_INSTANCE,Palais de Justice Rue Waldeck Rousseau ,49,ANGERS CEDEX,+33 2 41 20 51 00,47.4712741,-0.5440579,
Tribunal de Grande Instance d'Orléans,GRANDE_INSTANCE,  7 Rue des Huguenots,45,ORLEANS CEDEX 1,+33 2 38 74 58 34,47.9049637,1.9072668,
Tribunal de Grande Instance de Lons-le-Saunier,GRANDE_INSTANCE,11 Rue Pasteur B.P. 20344 ,39,LONS LE SAUNIER CEDEX,+33 3 84 35 13 00,46.67339,5.556862,
Tribunal de Grande Instance de Thionville,GRANDE_INSTANCE,Quai Pierre Marchal B.P. 80348 ,57,THIONVILLE CEDEX,+33 3 82 82 43 50,49.357654,6.169112,
Tribunal de Grande Instance de Bourgoin-Jallieu,GRANDE_INSTANCE,10 Rue du Tribunal B.P. 648 ,38,BOURGOIN JALLIEU CEDEX,+33 4 74 28 78 78,45.586789,5.276511,
Tribunal de Grande Instance de Libourne,GRANDE_INSTANCE,22 Rue Thiers B.P. 202 ,33,LIBOURNE CEDEX,+33 5 57 55 36 80,44.913816,-0.244407,
Tribunal de Grande Instance de Colmar,GRANDE_INSTANCE,  Place du Marché aux Fruits,68,COLMAR CEDEX,+33 3 89 20 56 00,48.075511,7.3584175,
Tribunal de Grande Instance de Boulogne-sur-Mer,GRANDE_INSTANCE,  Place de la Résistance,62,BOULOGNE SUR MER,+33 3 21 99 61 00,50.725134,1.612177,
Tribunal de Grande Instance de Béthune,GRANDE_INSTANCE,Place Lamartine B.P. 716 ,62,BETHUNE CEDEX,+33 3 21 68 72 00,50.534256,2.638276,
Tribunal de Grande Instance d'Argentan,GRANDE_INSTANCE,2 Rue des Anciens Combattants B.P. 70211 ,61,ARGENTAN CEDEX,+33 2 33 67 97 97,48.743269,-0.019443,
Tribunal de Grande Instance d'Alençon,GRANDE_INSTANCE,Place du Maréchal Foch BP 355 ,61,ALENCON,+33 2 33 82 25 00,48.430277,0.0828104,
Consultations juridiques gratuites,GRANDE_INSTANCE,Tribunal de Grande Instance (TGI) 23; rue du Palais ,52,CHAUMONT,03.25.32.84.20,48.115061,5.141364,
Tribunal de Grande Instance de Dunkerque,GRANDE_INSTANCE,Place du Palais de Justice B.P. 6365 ,59,DUNKERQUE CEDEX 1,+33 3 28 23 53 00,51.031136,2.374939,
Tribunal de Grande Instance de Vannes,GRANDE_INSTANCE,22 Place de la République B.P. 503 ,56,VANNES CEDEX,+33 2 97 43 77 00,47.656336,-2.761394,
Tribunal de Grande Instance de Niort,GRANDE_INSTANCE,2 Rue du Palais B.P. 8819 ,79,NIORT CEDEX,+33 5 49 77 22 50,46.323334,-0.466306,
Tribunal de Grande Instance de Fontainebleau,GRANDE_INSTANCE,  159 rue Grande,77,FONTAINEBLEAU,+33 1 60 71 23 00,48.443691,2.609939,
Tribunal de Grande Instance de Sens,GRANDE_INSTANCE,1 Rue du Palais de Justice B.P. 810 ,89,SENS,+33 3 86 65 86 00,48.196322,3.277018,
Tribunal de Grande Instance d'Amiens,GRANDE_INSTANCE,Palais de Justice 14 Rue Robert de Luzarches ,80,AMIENS CEDEX 1,+33 3 22 82 35 00,49.893275,2.301079,
Tribunal de Grande Instance d'Evry,GRANDE_INSTANCE,  9 Rue des Mazières,91,EVRY CEDEX,+33 1 60 76 78 00,48.6297484,2.4309592,
Tribunal de Grande Instance de Melun,GRANDE_INSTANCE,  2 Avenue du Général Leclerc,77,MELUN,+33 1 64 79 80 00,48.527225,2.653534,
Tribunal de Grande Instance du Havre,GRANDE_INSTANCE,Palais de Justice 133 Bld de Strasbourg   B.P. 6 ,76,LE HAVRE CEDEX,+33 2 32 92 57 00,49.490686,0.130741,
Tribunal de Grande Instance de Dieppe,GRANDE_INSTANCE,Palais de Justice  Square Carnot B.P. 229 ,76,DIEPPE CEDEX,+33 2 35 82 75 55,49.924564,1.083359,
Tribunal de Grande Instance de Verdun,GRANDE_INSTANCE,Place Saint-Paul Case Officielle 724 ,55,VERDUN CEDEX,+33 3 29 86 14 05,49.16373,5.384349,
Tribunal de Grande Instance d'Avesnes-sur-Helpe,GRANDE_INSTANCE,Plateau Chemerault 11 Rue Mal Joffre BP 205 ,59,AVESNES SUR HELPE,+33 3 27 57 78 00,50.123487,3.92827,
Tribunal de Grande Instance de Cambrai,GRANDE_INSTANCE,Château de Selles B.P. 379 ,59,CAMBRAI CEDEX,+33 3 27 73 37 37,50.181597,3.224868,
Tribunal de Grande Instance de Douai,GRANDE_INSTANCE,  47 Rue Merlin de Douai,59,DOUAI,+33 3 27 93 27 00,50.3691673,3.0782007,
Tribunal de Grande Instance de Lille,GRANDE_INSTANCE,13 Avenue du Peuple Belge B.P. 729 ,59,LILLE CEDEX,+33 3 20 78 33 33,50.643791,3.061791,
Tribunal de Grande Instance de Valenciennes,GRANDE_INSTANCE,13 Rue Capron B.P. 349 ,59,VALENCIENNES,+33 3 27 14 67 00,50.356788,3.521028,
Tribunal de Grande Instance de Digne-les-Bains,GRANDE_INSTANCE,6 place des Récollets BP 112 ,4,DIGNE LES BAINS,+33 4 92 31 05 21,44.092,6.239312,
Tribunal de Grande Instance de Senlis,GRANDE_INSTANCE,Cité Judiciaire Boulevard Pasteur B.P. 112 ,60,SENLIS CEDEX,+33 3 44 53 91 00,49.210439,2.58386,
Tribunal de Grande Instance de Privas,GRANDE_INSTANCE,  Cours du Palais,7,PRIVAS,+33 4 75 66 40 00,44.734646,4.60017,
Tribunal de Grande Instance de Gap,GRANDE_INSTANCE,Palais de Justice Place Saint-Arnoux     B.P. 77 ,5,GAP CEDEX,+33 4 92 40 70 00,44.5573985249,6.07751415079,
Tribunal de Grande Instance de Carcassonne,GRANDE_INSTANCE,28 Boulevard Jean-Jaurès B.P. 818 ,11,CARCASSONNE,+33 4 68 10 37 37,43.214867,2.354691,
Tribunal de Grande Instance d'Epinal,GRANDE_INSTANCE,  Place Edmond Henry,88,EPINAL,+33 3 29 34 53 53,48.1745814,6.4515713,
Tribunal de Grande Instance de Saintes,GRANDE_INSTANCE,Square Maréchal Foch CS 80324 ,17,SAINTES CEDEX,+33 5 46 92 72 27,45.747428,-0.633681,
Tribunal de Grande Instance de Narbonne,GRANDE_INSTANCE,19 Bld du Général de Gaulle B.P. 810 ,11,NARBONNE CEDEX,+33 4 34 44 60 60,43.185887,3.009311,
Tribunal de Grande Instance d'Evreux,GRANDE_INSTANCE,Palais de Justice 30 Rue Joséphine ,27,EVREUX CEDEX,+33 2 32 29 55 00,49.023877,1.15966,
Tribunal de Grande Instance de Bourges,GRANDE_INSTANCE,  8 rue des Arènes,18,BOURGES,+33 2 48 68 34 34,47.0849533,2.3929755,
Tribunal de Grande Instance de Bobigny,GRANDE_INSTANCE,Palais de Justice 173 Av Paul Vaillant Couturier ,93,BOBIGNY CEDEX,+33 1 48 95 13 93,48.908821,2.450397,
Tribunal de Grande Instance d'Alès,GRANDE_INSTANCE,Palais de Justice 3 Place Henri Barbusse ,30,ALES CEDEX,+33 4 66 56 22 50,44.124222,4.080314,
Tribunal de Grande Instance de Bastia,GRANDE_INSTANCE,  Rond Point de Moro Giafferi,20,BASTIA CEDEX,+33 4 95 55 23 00,42.7021365,9.4507475,
Tribunal de Grande Instance de Châteauroux,GRANDE_INSTANCE,Place Lucien Germereau B.P. 577 ,36,CHATEAUROUX,+33 2 54 60 35 35,46.807167,1.693225,
Tribunal de Grande Instance d'Auch,GRANDE_INSTANCE,  Allée d'Etigny,32,AUCH,+33 5 62 61 67 00,43.64811,0.582501,
Tribunal de Grande Instance de Nantes,GRANDE_INSTANCE,  19 Quai François Mitterrand,44,NANTES CEDEX 9,+33 2 51 17 95 00,47.2082993,-1.5627272,
Tribunal de Grande Instance du Puy-en-Velay,GRANDE_INSTANCE,Place du Breuil CS90335 ,43,LE PUY EN VELAY,+33 4 71 09 05 70,45.042006,3.883505,
Tribunal de Grande Instance de Montargis,GRANDE_INSTANCE,  84 Rue du Général Leclerc,45,MONTARGIS CEDEX,+33 2 38 87 59 00,47.9988918,2.7297794,
Tribunal de Grande Instance de Saint-Nazaire,GRANDE_INSTANCE,77 Rue Albert de Mun B.P. 263 ,44,ST NAZAIRE,+33 2 72 27 30 30,47.278845,-2.214212,
Tribunal de Grande Instance d'Agen,GRANDE_INSTANCE,  Place Armand Fallières,47,AGEN,+33 5 53 77 95 00,44.2007546,0.6172994,
Tribunal de Grande Instance de Cahors,GRANDE_INSTANCE,Boulevard Léon Gambetta B.P. 289 ,46,CAHORS,+33 5 65 23 46 50,44.450094,1.440018,
Tribunal de Grande Instance de Châlons-en-Champagne,GRANDE_INSTANCE,  2 Quai Eugène Perrier,51,CHALONS EN CHAMPAGNE,+33 3 26 69 27 27,48.9589712,4.3615452,
Tribunal de Grande Instance de Belfort,GRANDE_INSTANCE,  9 place de la République,90,BELFORT,+33 3 84 58 53 00,47.639285,6.861898,
Tribunal de Grande Instance de Pontoise,GRANDE_INSTANCE,3 rue Victor Hugo BP 95220 ,95,CERGY PONTOISE CEDEX,+33 1 72 58 70 00,49.039049,2.044611,
Tribunal de Grande Instance de Créteil,GRANDE_INSTANCE,  Rue Pasteur Vallery Radot,94,CRETEIL CEDEX,+33 1 49 81 16 00,48.7836024,2.4423209,
Tribunal de Grande Instance de Pointe-à-Pitre,GRANDE_INSTANCE,  Place Gourbeyre,97,POINTE A PITRE,+33 5 90 89 69 50,16.2411111,-61.5330556,
Tribunal de Grande Instance de Basse-Terre,GRANDE_INSTANCE,  4 Boulevard Félix Eboué,97,BASSE TERRE,+33 5 90 80 63 63,16.2681696,-61.5857963,
Tribunal de Grande Instance de Fort-de-France,GRANDE_INSTANCE,Palais de Justice 35 Bd du Gal de Gaulle   BP 633 ,97,FORT DE FRANCE,+33 5 96 48 41 41,14.637392,-61.069045,
Tribunal de Première Instance de Papeete,GRANDE_INSTANCE,42 Avenue Bruat B.P. 4633 ,98,PAPEETE,+689 41 55 00,-17.5430158023,-149.570898554,
Tribunal de Grande Instance de Vesoul,GRANDE_INSTANCE,Place du Palais B.P. 387 ,70,VESOUL CEDEX,+33 3 84 78 58 00,47.623709,6.157897,
Tribunal de Grande Instance d'Albertville,GRANDE_INSTANCE,Avenue des Chasseurs Alpins B.P. 125 ,73,ALBERTVILLE CEDEX,+33 4 79 32 43 14,45.671754,6.391712,
Tribunal de Grande Instance de Chambéry,GRANDE_INSTANCE,Place du Palais de Justice B.P. 1023 ,73,CHAMBERY CEDEX,+33 4 79 33 60 09,45.568124,5.918642,
Tribunal de Grande Instance de Guéret,GRANDE_INSTANCE,  23 Place Bonnyaud,23,GUERET,+33 5 55 51 93 59,46.1690274,1.870893,
Tribunal de Grande Instance de Valence,GRANDE_INSTANCE,Place du Palais de Justice B.P. 2113 ,26,VALENCE CEDEX,+33 4 75 75 49 49,44.930308,4.927628,
Tribunal de Grande Instance de Chartres,GRANDE_INSTANCE,  3 Rue Saint-Jacques,28,CHARTRES,+33 2 37 18 77 00,48.450043,1.486194,
Tribunal de Grande Instance d'Arras,GRANDE_INSTANCE,Place des Etats d'Artois B.P. 924 ,62,ARRAS,+33 3 21 51 52 06,50.290256,2.776262,
Tribunal de Grande Instance de Coutances,GRANDE_INSTANCE,Rue du Palais de Justice B.P. 719 ,50,COUTANCES CEDEX,+33 2 33 76 68 20,49.049118,-1.442756,
Tribunal de Grande Instance d'Annecy,GRANDE_INSTANCE,Palais de Justice Novarina 51 rue Sommeiller  BP 2321 ,74,ANNECY CEDEX,+33 4 50 10 17 00,45.892502,6.121093,
Tribunal de Grande Instance de Bonneville,GRANDE_INSTANCE,Quai du Parquet B.P. 136 ,74,BONNEVILLE CEDEX,+33 4 50 25 48 00,46.077725,6.405639,
Tribunal de Grande Instance de Thonon-les-Bains,GRANDE_INSTANCE,10; rue de l'Hôtel Dieu B.P. 50 529 ,74,THONON LES BAINS,+33 4 50 81 20 00,46.369265,6.478767,
Tribunal de Grande Instance de Paris,GRANDE_INSTANCE,  4 Boulevard du Palais,75,PARIS,+33 1 44 32 51 51,48.8548767,2.3454235,
Tribunal de Grande Instance de la Roche-sur-Yon,GRANDE_INSTANCE,55 Boulevard Aristide Briand B.P. 833 ,85,LA ROCHE SUR YON CEDEX,+33 2 51 47 61 00,46.66577,-1.429974,
Tribunal de Grande Instance des Sables-d'Olonne,GRANDE_INSTANCE,Place du Palais de Justice B.P. 10365 ,85,LES SABLES D'OLONNE,+33 2 51 23 77 00,46.495087,-1.788672,
Tribunal de Grande Instance d'Albi,GRANDE_INSTANCE,  place Lapérouse,81,ALBI,+33 5 63 49 49 80,43.925561,2.144701,
Tribunal de Grande Instance de Castres,GRANDE_INSTANCE,4 Rue du Palais B.P. 409 ,81,CASTRES,+33 5 63 51 93 00,43.605796,2.23817,
Tribunal de Grande Instance de Montauban,GRANDE_INSTANCE,  Place du Coq,82,MONTAUBAN,+33 5 63 21 40 00,44.016847,1.353339,
Tribunal de Grande Instance de Toulon,GRANDE_INSTANCE,Place Gabriel Péri B.P. 506 ,83,TOULON CEDEX 9,+33 4 94 09 60 00,43.126293,5.925389,
Tribunal d'Instance de Toulon,INSTANCE,140 Bd Général Leclerc B.P. 507,83,TOULON CEDEX 9,+33 4 94 18 93 12,43.125717,5.928309,
Tribunal d'Instance d'Albi,INSTANCE,Place du Palais B.P. 156,81,ALBI,+33 5 63 54 15 12,43.9266871,2.1459039,
Tribunal d'Instance de Castres,INSTANCE,4 Rue du Palais B.P. 409,81,CASTRES,+33 5 63 51 93 00,43.605796,2.23817,
Tribunal d'Instance de Bressuire,INSTANCE,1 bis boulevard Joffre ,79,BRESSUIRE,+33 5 49 65 87 32,46.83937,-0.4890378,
Tribunal d'Instance de Niort,INSTANCE,18 Rue Marcel Paul-Espace Thémis B.P. 8820,79,NIORT CEDEX,+33 5 49 05 45 40,46.324538,-0.470879,
Tribunal d'Instance de Paris 19ème,INSTANCE,Immeuble Le Brabant 11 rue Cambrai,75,PARIS,+33 1 53 38 80 60,48.895903,2.381425,
Tribunal d'Instance de Paris 20ème,INSTANCE,Mairie 6 Place Gambetta,75,PARIS,+33 1 47 97 19 52,48.884589,2.340359,
Tribunal d'Instance de Paris 17ème,INSTANCE,Mairie 16/18 rue des Batignolles,75,PARIS,+33 1 45 22 74 97,48.884589,2.340359,
Tribunal d'Instance de Paris 18ème,INSTANCE,Mairie 1 Place Jules Joffrin,75,PARIS,+33 1 49 25 83 25,48.884589,2.340359,
Tribunal d'Instance de Paris 15ème,INSTANCE,154 rue Lecourbe ,75,PARIS,+33 1 53 68 77 80,48.841564,2.299121,
Tribunal d'Instance de Paris 16ème,INSTANCE,Mairie 71 Avenue Henri Martin,75,PARIS,+33 1 45 04 44 82,48.884589,2.340359,
Tribunal d'Instance de Paris 13ème,INSTANCE,Mairie 3 Rue Philippe de Champagne,75,PARIS,+33 1 44 08 79 00,48.884589,2.340359,
Tribunal d'Instance de Paris 14ème,INSTANCE,Mairie 26 Rue Mouton Duvernet,75,PARIS,+33 1 45 39 43 53,48.884589,2.340359,
Tribunal d'Instance de Paris 11ème,INSTANCE,91 rue Oberkampf ,75,PARIS,+33 1 43 57 81 45,48.8652726,2.3756662,
Tribunal d'Instance de Paris 12ème,INSTANCE,Mairie 130 Avenue Daumesnil,75,PARIS,+33 1 43 43 14 56,48.884589,2.340359,
Tribunal d'Instance de Paris 9ème,INSTANCE,Mairie 9 Bis Rue Drouot,75,PARIS,+33 1 45 23 33 92,48.884589,2.340359,
Tribunal d'Instance de Paris 10ème,INSTANCE,Mairie 52 Rue du Château d'Eau,75,PARIS,+33 1 40 40 40 70,48.884589,2.340359,
Tribunal d'Instance de Paris 7ème,INSTANCE,Mairie 116 Rue de Grenelle,75,PARIS,+33 1 45 51 86 37,48.884589,2.340359,
Tribunal d'Instance de Paris 8ème,INSTANCE,Mairie 3 Rue de Lisbonne,75,PARIS,+33 1 45 22 10 22,48.884589,2.340359,
Tribunal d'Instance de Paris 5ème,INSTANCE,Mairie 21 Place du Panthéon,75,PARIS,+33 1 43 26 54 43,48.884589,2.340359,
Tribunal d'Instance de Paris 6ème,INSTANCE,Mairie 78 Rue Bonaparte,75,PARIS,+33 1 46 34 21 00,48.884589,2.340359,
Tribunal d'Instance de Paris 2ème,INSTANCE,Mairie 8 Rue de la Banque,75,PARIS,+33 1 44 55 35 95,48.884589,2.340359,
Tribunal d'Instance de Paris 3ème,INSTANCE,Mairie 2 Rue Eugène Spuller,75,PARIS,+33 1 53 01 90 50,48.884589,2.340359,
Tribunal d'Instance de Saint-Benoit,INSTANCE,2 Rue Philibert B.P. 121,97,ST BENOIT,+33 2 62 50 37 29,-21.034627,55.711672,
Tribunal d'Instance de Saint-Denis-de-La Réunion,INSTANCE,5 Avenue André Malraux Champ Fleuri      B.P. 338,97,STE CLOTILDE CEDEX,+33 2 62 40 22 40,-20.888016,55.46583,
Tribunal d'Instance de Sannois,INSTANCE,5 Square Jules Ferry ,95,SANNOIS,+33 1 39 81 01 38,48.9694204,2.2568702,
Tribunal d'Instance de Beaune,INSTANCE,Rue du Tribunal B.P. 187,21,BEAUNE CEDEX,+33 3 80 25 03 80,47.023336,4.840481,
Tribunal d'Instance de Montreuil (93),INSTANCE,62 Rue Franklin ,93,MONTREUIL,+33 1 48 58 82 53,48.8635771,2.4442126,
Tribunal d'Instance d'Etampes,INSTANCE,Palais de Justice 1 Rue Aristide Briand   B.P. 117,91,ETAMPES CEDEX,+33 1 64 94 61 45,48.426767,2.153289,
Tribunal d'Instance de Belfort,INSTANCE,5 Place de la République B.P. 791,90,BELFORT,+33 3 84 28 16 21,47.639034,6.861215,
Tribunal d'Instance de Saint-Dié-des-Vosges,INSTANCE,16 Rue de la Meurthe B.P. 244,88,ST DIE DES VOSGES CEDEX,+33 3 29 53 52 52,48.282784,6.946582,
Tribunal d'Instance des Sables-d'Olonne,INSTANCE,20 rue Nicot ,85,LES SABLES D'OLONNE,+33 2 51 95 10 45,46.498713,-1.783228,
Tribunal d'Instance de Fontenay-le-Comte,INSTANCE,26 Rue Rabelais B.P. 49,85,FONTENAY LE COMTE CEDEX,+33 2 51 69 00 33,46.46781,-0.812517,
Tribunal d'Instance de La Roche-sur-Yon,INSTANCE,55 Boulevard Aristide Briand B.P. 833,85,LA ROCHE SUR YON CEDEX,+33 2 51 05 31 31,46.66577,-1.429974,
Tribunal d'Instance de Redon,INSTANCE,3 Rue Joseph Desmars B.P. 50348,35,REDON CEDEX,+33 2 99 71 11 34,47.650838,-2.082367,
Tribunal d'Instance de Saint-Malo,INSTANCE,2 rue Toulier CS 51731,35,ST MALO,+33 2 23 18 50 10,48.649971,-2.026743,
Tribunal d'Instance d'Arcachon,INSTANCE,Place Lucien de Gracia ,33,ARCACHON CEDEX,+33 5 56 83 14 66,44.6611091,-1.1705374,
Tribunal d'Instance de Béziers,INSTANCE,Place de la Révolution B.P. 604,34,BEZIERS,+33 4 67 49 60 00,43.34146,3.210654,
Tribunal d'Instance de Thonon-les-Bains,INSTANCE,10; rue de l'Hôtel Dieu B.P. 10 516,74,THONON LES BAINS,+33 4 50 81 20 00,46.369265,6.478767,
Tribunal d'Instance de Paris 1er,INSTANCE,Mairie 4 Place du Louvre,75,PARIS,+33 1 42 44 18 18,48.884589,2.340359,
Tribunal d'Instance d'Annecy,INSTANCE,19 Avenue du Parmelan B.P. 2322,74,ANNECY CEDEX,+33 4 50 33 38 00,45.905339,6.132152,
Tribunal d'Instance de Bonneville,INSTANCE,18 Quai du Parquet B.P. 136,74,BONNEVILLE CEDEX,+33 4 50 25 48 30,46.076837,6.406326,
Tribunal d'Instance d'Albertville,INSTANCE,5 Avenue des Chasseurs Alpins B.P. 125,73,ALBERTVILLE CEDEX,+33 4 79 32 04 77,45.67369,6.392402,
Tribunal d'Instance de Chambéry,INSTANCE,Place du Palais de Justice ,73,CHAMBERY CEDEX,+33 4 79 33 60 09,45.5680849,5.9193652,
Tribunal d'Instance de Lure,INSTANCE,Place de la Libération B.P. 25,70,LURE CEDEX,+33 3 84 30 22 41,47.6850496,6.4930612,
Tribunal d'Instance de Vesoul,INSTANCE,6 Place du Palais B.P. 387,70,VESOUL CEDEX,+33 3 84 76 32 22,47.623789,6.158194,
Tribunal d'Instance de Villefranche-sur-Saône,INSTANCE,Palais de Justice 350 Boulevard Gambetta   BP 304,69,VILLEFRANCHE SUR SAONE,+33 4 74 65 76 90,45.9898649,4.7187518,
Tribunal d'Instance de Guebwiller,INSTANCE,1 Place Saint-Léger B.P. 229,68,GUEBWILLER CEDEX,+33 3 89 62 17 20,47.911771,7.208557,
Tribunal d'Instance de Thann,INSTANCE,41 Pl Mal de Lattre de Tassigny B.P. 40070,68,THANN CEDEX,+33 3 89 37 08 48,47.815894,7.099736,
Tribunal d'Instance de Saverne,INSTANCE,7 Rue du Tribunal B.P. 50135,67,SAVERNE CEDEX,+33 3 88 71 61 51,48.74059,7.364851,
Tribunal d'Instance de Strasbourg,INSTANCE,45 Rue du Fossé des Treize B.P. 444,67,STRASBOURG CEDEX,+33 3 88 15 59 00,48.590302,7.746057,
Tribunal d'Instance de Riom,INSTANCE,Rue Jean de Berry B.P. 26,63,RIOM CEDEX,+33 4 73 33 70 80,45.8949494,3.1169151,
Tribunal d'Instance de Bayonne,INSTANCE,17 Avenue de la Légion Tchèque ,64,BAYONNE,+33 5 59 44 54 80,43.491791,-1.485132,
Tribunal d'Instance de Calais,INSTANCE,Palais de Justice 15 Place Crèvecoeur,62,CALAIS CEDEX,+33 3 21 36 37 69,50.94443,1.859593,
Tribunal d'Instance de Saint-Omer,INSTANCE,7 place Victor Hugo BP 10191,62,ST OMER CEDEX,+33 3 21 12 07 00,50.7483768,2.2524261,
Tribunal d'Instance de Béthune,INSTANCE,22 Rue d'Aire B.P. 808,62,BETHUNE CEDEX,+33 3 21 63 14 30,50.535733,2.637618,
Tribunal d'Instance de Boulogne-sur-Mer,INSTANCE,164 Rue Faidherbe B.P. 337,62,BOULOGNE SUR MER,+33 3 21 33 82 22,50.726567,1.608719,
Tribunal d'Instance de Compiègne,INSTANCE,Commune,60,COMPIEGNE,+33 3 44 38 58 00,49.417087,2.82813,
Tribunal d'Instance de Senlis,INSTANCE,1 Allée des Soupirs B.P. 112,60,SENLIS CEDEX,+33 3 44 53 91 70,49.208952,2.580847,
Tribunal d'Instance de Valenciennes,INSTANCE,18 Place du 8 Mai 1945 B.P. 379,59,VALENCIENNES,+33 3 27 20 23 00,50.356805,3.518359,
Tribunal d'Instance de Douai,INSTANCE,66 Rue Saint-Julien B.P. 828,59,DOUAI,+33 3 27 99 95 95,50.371221,3.076432,
Tribunal d'Instance de Sarreguemines,INSTANCE,Place du Général Sibille B.P. 71129,57,SARREGUEMINES CEDEX,+33 3 87 28 31 00,49.108781,7.068461,
Tribunal d'Instance de Cambrai,INSTANCE,Château de Selles B.P. 381,59,CAMBRAI CEDEX,+33 3 27 73 37 37,50.181597,3.224868,
Tribunal d'Instance de Saint-Avold,INSTANCE,37 Avenue Clémenceau B.P. 20029,57,ST AVOLD CEDEX,+33 3 87 92 11 55,49.107291,6.704991,
Tribunal d'Instance de Sarrebourg,INSTANCE,52 Avenue Clémenceau B.P. 50184,57,SARREBOURG CEDEX,+33 3 87 23 71 82,48.732841,7.055359,
Tribunal d'Instance de Lunéville,INSTANCE,7 Rue du Château B.P. 158,54,LUNEVILLE,+33 3 83 74 04 27,48.593818,6.491962,
Tribunal d'Instance de Verdun,INSTANCE,Place Saint-Paul ,55,VERDUN CEDEX,+33 3 29 86 88 00,49.163768,5.3844849,
Tribunal d'Instance de Briey,INSTANCE,Place de l'Eglise B.P. 139,54,BRIEY CEDEX,+33 3 82 46 04 82,49.252821,5.974587,
Tribunal d'Instance de Cholet,INSTANCE,Jardin du Mail B.P. 1425,49,CHOLET CEDEX,+33 2 41 65 06 62,47.059815,-0.882626,
Tribunal d'Instance de Cherbourg,INSTANCE,38 Rue François La Vieille ,50,CHERBOURG OCTEVILLE CEDEX,+33 2 33 78 15 30,49.641448,-1.625594,
Tribunal d'Instance de Villeneuve-sur-Lot,INSTANCE,6 Rue du Gal Lafon de Blaniac ,47,VILLENEUVE SUR LOT,+33 5 53 49 64 00,44.426811,0.747856,
Tribunal d'Instance de Martigues,INSTANCE,Place de la Libération B.P. 122,13,MARTIGUES CEDEX,+33 4 42 13 50 25,43.405032,5.054811,
Tribunal d'Instance de Figeac,INSTANCE,1 boulevard Juskiewenski ,46,FIGEAC,+33 5 65 50 03 20,44.607426,2.031046,
Tribunal d'Instance de Montbrison,INSTANCE,Palais de Justice B.P. 259,42,MONTBRISON CEDEX,+33 4 77 96 66 66,45.609722,4.064276,
Tribunal d'Instance de Roanne,INSTANCE,5 Place Georges Clémenceau B.P. 513,42,ROANNE CEDEX,+33 4 77 44 48 24,46.039881,4.072387,
Tribunal d'Instance de Dax,INSTANCE,Rue des Fusillés B.P. 355,40,DAX,+33 5 58 74 27 98,43.709466,-1.051532,
Tribunal d'Instance de Mont-de-Marsan,INSTANCE,Cité Galliane 3 avenue Dufau,40,MONT DE MARSAN,+33 5 58 85 75 75,43.89366,-0.494947,
Tribunal d'Instance de Saint-Claude,INSTANCE,12 Rue Rosset ,39,ST CLAUDE,+33 3 84 45 31 12,46.3882042,5.865799,
Tribunal d'Instance de Saint-Etienne,INSTANCE,Place du Palais de Justice ,42,ST ETIENNE CEDEX 1,+33 4 77 43 22 61,45.4379283,4.3842586,
Tribunal d'Instance de La Rochelle,INSTANCE,67 Rue de Jéricho ,17,LA ROCHELLE,+33 5 46 27 63 64,46.167324,-1.166238,
Tribunal d'Instance de Dijon,INSTANCE,Cité Judiciaire 13 Bld Clémenceau B.P. 51,21,DIJON CEDEX,+33 3 80 70 45 25,47.323411,5.045469,
Tribunal d'Instance de Brive-la-Gaillarde,INSTANCE,6 rue St Bernard ,19,BRIVE LA GAILLARDE,+33 5 55 92 67 39,45.157501,1.531457,
Tribunal d'Instance de Saint-Amand-Montrond,INSTANCE,11 Cours Manuel ,18,ST AMAND MONTROND CEDEX,+33 2 48 96 08 48,46.720809,2.505611,
Tribunal d'Instance de Saint-Gaudens,INSTANCE,Palais de Justice B.P. 20209,31,ST GAUDENS CEDEX,+33 5 62 00 83 40,43.133668,0.744874,
Tribunal d'Instance d'Aix-en-Provence,INSTANCE,32A Boulevard Emile Zola CS 70719,13,AIX EN PROVENCE,+33 4 42 17 55 00,43.53282,5.454541,
Tribunal d'Instance de Gap,INSTANCE,Palais de Justice Place Saint-Arnoux   B.P. 77,5,GAP CEDEX,+33 4 92 40 70 00,44.5573985249,6.07751415079,
Tribunal d'Instance de Saint-Quentin,INSTANCE,Rue Victor Basch B.P. 645/2,2,ST QUENTIN CEDEX,+33 3 23 06 29 60,49.84719,3.285475,
Tribunal d'Instance d'Alès,INSTANCE,Palais de Justice 3 Place Henri Barbusse  BP 157,30,ALES CEDEX,+33 4 66 56 27 50,44.122417,4.094377,
Tribunal d'Instance de Libourne,INSTANCE,22 Rue Thiers B.P. 221,33,LIBOURNE CEDEX,+33 5 57 55 36 80,44.913816,-0.244407,
Tribunal d'Instance de Bordeaux,INSTANCE,180 Rue Lecocq CS 51029,33,BORDEAUX CEDEX,+33 5 56 79 79 79,44.8319054431,-0.592065592712,
Tribunal d'Instance de Châteauroux,INSTANCE,11 rue Paul Louis Courier B.P. 625,36,CHATEAUROUX,+33 2 54 53 03 10,46.80937,1.692057,
Tribunal d'Instance de Sète,INSTANCE,17 Rue Lacan ,34,SETE,+33 4 67 18 61 00,43.3983972,3.6952403,
Tribunal d'Instance de Vienne,INSTANCE,27-31 Rue de Bourgogne B.P. 105,38,VIENNE CEDEX,+33 4 74 59 10 80,45.526061,4.873225,
Tribunal d'Instance de Grenoble,INSTANCE,Palais de Justice Place Firmin Gautier  B.P. 130,38,GRENOBLE CEDEX 1,+33 4 38 21 21 21,45.192925,5.727597,
Tribunal d'Instance de Saint-Nazaire,INSTANCE,54 Rue de la Paix B.P. 282,44,ST NAZAIRE,+33 2 72 27 31 31,47.277669,-2.215712,
Tribunal d'Instance de Nantes,INSTANCE,Quai François Mitterrand ,44,NANTES CEDEX 9,+33 2 51 17 95 00,47.207549,-1.557124,
Tribunal d'Instance de Cahors,INSTANCE,Boulevard Léon Gambetta Square de Verdun,46,CAHORS,+33 5 65 23 46 70,44.450094,1.440018,
Tribunal d'Instance de Montargis,INSTANCE,84 Rue du Général Leclerc ,45,MONTARGIS CEDEX,+33 2 38 85 24 42,47.9988918,2.7297794,
Tribunal d'Instance de Marmande,INSTANCE,1 Place des Droits de l'Homme B.P. 321,47,MARMANDE CEDEX,+33 5 53 20 39 32,44.504695,0.173689,
Tribunal d'instance d'Agen,INSTANCE,Résidence A. Fallières 14B Rue Diderot,47,AGEN,+33 5 53 77 07 90,44.200669,0.616701,
Tribunal d'Instance d'Avranches,INSTANCE,36 Rue de Lille ,50,AVRANCHES,+33 2 33 58 15 26,48.6883476,-1.3635765,
Tribunal d'instance d'Annonay,INSTANCE,26 boulevard de la République ,7,ANNONAY,+33 4 75 67 73 13,45.2439614,4.6737007,
Tribunal d'Instance de Chaumont,INSTANCE,Rue du Palais Bâtiment B     B.P. 2061,52,CHAUMONT,+33 3 25 35 34 34,48.112727,5.136812,
Tribunal d'Instance de Reims,INSTANCE,1 Place Myron Herrick ,51,REIMS CEDEX,+33 3 26 49 53 53,49.254484,4.0315076,
Tribunal d'Instance de Nancy,INSTANCE,Cité Judiciaire Rue du Gal Fabvier Case Off.27,54,NANCY CEDEX,+33 3 83 90 85 60,48.687251,6.171022,
Tribunal d'Instance de Laval,INSTANCE,13 Place Saint Tugal BP 81515,53,LAVAL,+33 2 43 59 79 10,48.0693098,-0.7735482,
Tribunal d'Instance de Vannes,INSTANCE,22 Bis Place de la République B.P. 504,56,VANNES CEDEX,+33 2 97 43 77 06,47.656336,-2.761394,
Tribunal d'Instance de Lorient,INSTANCE,Centre d'affaires la découverte 39 rue de la villeneuve,56,LORIENT,+33 2 97 88 28 00,47.75257,-3.378909,
Tribunal d'Instance de Thionville,INSTANCE,Moulin Nouviaire 9 Rue Joffre   B.P. 50550,57,THIONVILLE CEDEX,+33 3 82 82 05 40,49.373816,6.140802,
Tribunal d'Instance de Metz,INSTANCE,3 Rue Haute Pierre B.P. 41045,57,METZ CEDEX 01,+33 3 87 56 75 00,49.116779,6.171264,
Tribunal d'Instance d'Hazebrouck,INSTANCE,Résidence Flandres 16 Rue André Biebuyck  BP 70261,59,HAZEBROUCK CEDEX,+33 3 28 43 87 50,50.732582,2.528169,
Tribunal d'Instance de Dunkerque,INSTANCE,16 rue du sud BP 43123,59,DUNKERQUE CEDEX 1,+33 3 28 25 98 20,51.032384,2.377657,
Tribunal d'Instance de Roubaix,INSTANCE,45 Rue du Grand Chemin ,59,ROUBAIX,+33 3 20 76 98 30,50.6916457,3.1664704,
Tribunal d'Instance de Maubeuge,INSTANCE,Parvis de l'Hôtel de Ville place du Dr Forest - BP 40274,59,MAUBEUGE CEDEX,+33 3 27 53 15 20,50.279842,3.96776,
Tribunal d'Instance de Beauvais,INSTANCE,20 Boulevard Saint-Jean B.P. 325,60,BEAUVAIS CEDEX,+33 3 44 79 60 40,49.429088,2.075929,
Tribunal d'Instance de Tourcoing,INSTANCE,65 Rue de Gand ,59,TOURCOING,+33 3 20 76 35 90,50.727771,3.158699,
Tribunal d'Instance de Pau,INSTANCE,6 Rue Mourot ,64,PAU,+33 5 59 82 39 00,43.298738,-0.3714274,
Tribunal d'Instance de Thiers,INSTANCE,6 Place Saint-Genés B.P. 204,63,THIERS CEDEX,+33 4 73 80 22 12,45.853192,3.547958,
Tribunal d'Instance de Condom,INSTANCE,Place Lannelongue ,32,CONDOM,+33 5 62 28 15 49,43.9586285,0.3718807,
Tribunal d'Instance de Belley,INSTANCE,Boulevard du Mail B.P. 137,1,BELLEY CEDEX,+33 4 79 81 23 05,45.7602077,5.6890103,
Tribunal d'Instance de Brest,INSTANCE,Bâtiment QUAI OUEST 150 rue Ernest Hemingway,29,BREST,+33 2 98 20 75 10,48.385604,-4.478591,
Tribunal d'Instance de Soissons,INSTANCE,76 Rue Saint-Martin ,2,SOISSONS CEDEX,+33 3 23 76 39 39,49.3804223,3.3280404,
Tribunal d'Instance de Nantua,INSTANCE,Palais de Justice 4 Place d'Armes   B.P. 27,1,NANTUA,+33 4 74 75 02 42,46.157038,5.603143,
Tribunal d'Instance de Cannes,INSTANCE,19 Boulevard Carnot CS 40016,6,CANNES CEDEX,+33 4 92 99 64 50,43.556002,7.016974,
Tribunal d'Instance d'Antibes,INSTANCE,60 deuxième avenue quartier Nova Antipolis,6,ANTIBES,+33 4 92 90 49 80,43.600695,7.091052,
Tribunal d'Instance de Menton,INSTANCE,7 Rue Prato ,6,MENTON,+33 4 93 35 74 92,43.7746881,7.498564,
Tribunal d'Instance de Grasse,INSTANCE,37 Avenue Pierre Semard B.P. 71029,6,GRASSE,+33 4 92 60 74 00,43.656694,6.928526,
Tribunal d'Instance de Saint-Girons,INSTANCE,Château  Vicomtes du Couserans rue Renée Dejean B.P. 70 112,9,ST GIRONS CEDEX,+33 5 61 66 01 34,42.9864603,1.14405,
Tribunal d'Instance de Privas,INSTANCE,1 Bd des Mobiles B.P.728,7,PRIVAS,+33 4 75 66 05 20,44.735415,4.601421,
Tribunal d'Instance de Carcassonne,INSTANCE,28 Boulevard Jean-Jaurès B.P. 818,11,CARCASSONNE,+33 4 68 10 37 38,43.214867,2.354691,
Tribunal d'Instance de Troyes,INSTANCE,85 Rue du Général de Gaulle B.P. 384,10,TROYES,+33 3 25 43 56 10,48.297203,4.069243,
Tribunal d'Instance d'Aubagne,INSTANCE,La Malounière Avenue de Verdun,13,AUBAGNE,+33 4 42 82 01 88,43.287531,5.576811,
Tribunal d'Instance de Rodez,INSTANCE,Boulevard de Guizard BP 3215,12,RODEZ,+33 5 65 73 43 05,44.349242,2.572401,
Tribunal d'Instance de Caen,INSTANCE,25 Place de la République B.P. 508,14,CAEN,+33 2 31 86 08 98,49.180795,-0.364061,
Tribunal d'Instance de Salon-de-Provence,INSTANCE,481 Boulevard de la République B.P. 19,13,SALON DE PROVENCE CEDEX,+33 4 90 56 05 46,43.640473,5.089142,
Tribunal d'Instance de Bourges,INSTANCE,1 rue du Général Ferrié ,18,BOURGES,+33 2 34 34 60 20,47.092149,2.393777,
Tribunal d'Instance d'Aurillac,INSTANCE,21 Place du Square B.P. 619,15,AURILLAC CEDEX,+33 4 71 48 88 00,44.928934,2.443212,
Tribunal d'instance de Montbard,INSTANCE,2 rue d'Abrantès BP 77,21,MONTBARD CEDEX,,47.623985,4.3385386,
Tribunal d'Instance de Tulle,INSTANCE,Quai Gabriel Péri ,19,TULLE CEDEX,+33 5 55 26 71 16,45.263366,1.767924,
Tribunal d'Instance de Quimper,INSTANCE,77 Rue du Président Sadate ,29,QUIMPER,+33 2 98 10 14 00,47.9755613,-4.0971902,
Tribunal d'Instance de Guéret,INSTANCE,2 rue des Tanneries ,23,GUERET,+33 5 55 51 96 00,46.168995,1.872799,
Tribunal d'Instance de Bastia,INSTANCE,Rond Point de Moro Giafferi ,20,BASTIA CEDEX,+33 4 95 55 23 00,42.7021365,9.4507475,
Tribunal d'Instance d'Ajaccio,INSTANCE,Palais du Finosello Av. Maréchal Lyautey  BP 10973,20,AJACCIO CEDEX 9,+33 4 95 23 77 60,41.942438,8.747068,
Tribunal d'Instance d'Evreux,INSTANCE,4 bis Rue de Verdun BP 60110,27,EVREUX CEDEX,+33 2 32 29 56 40,49.023917,1.144505,
Tribunal d'Instance de Saint-Brieuc,INSTANCE,6 bis allée Marie Le Vaillant B.P. 53548,22,ST BRIEUC CEDEX 1,+33 2 96 62 64 20,48.512636,-2.758852,
Tribunal d'Instance de Morlaix,INSTANCE,Ancien Lycée Tristan Corbière Kerneguès    C.S. 37908,29,MORLAIX CEDEX,+33 2 98 88 03 47,48.604624,-3.825503,
Tribunal d'Instance de Chartres,INSTANCE,5 Rue Mathurin Régnier ,28,CHARTRES,+33 2 37 18 28 20,48.4432697,1.4875321,
Tribunal d'Instance de Cagnes-sur-Mer,INSTANCE,100 Avenue Cyrille Besset Au Cros de Cagnes,6,CAGNES SUR MER,+33 4 92 12 52 50,43.659246,7.162061,
Tribunal d'Instance de Jonzac,INSTANCE,35 Rue des Carmes B.P. 119,17,JONZAC CEDEX,+33 5 46 48 02 40,45.442517,-0.435354,
Tribunal d'Instance de Charleville-Mézières,INSTANCE,12 rue Mme de Sévigné ,8,CHARLEVILLE MEZIERES,+33 3 51 16 80 06,49.771015,4.717206,
Tribunal d'instance d'Annemasse,INSTANCE,20 rue Léandre Vaillat ,74,ANNEMASSE,+33 4 50 84 05 50,46.189611,6.237425,
Tribunal d'Instance du Creusot,INSTANCE,20 Rue de la Chaise B.P. 84,71,LE CREUSOT CEDEX,+33 3 85 55 10 16,46.804903,4.427015,
Tribunal d'Instance de Fréjus,INSTANCE,Palais de Justice 268 Rue Jean-Jaurès   B.P. 118,83,FREJUS,+33 4 94 44 54 10,43.454735,6.766183,
Tribunal d'Instance de Draguignan,INSTANCE,Cité Judiciaire 11 Rue Pierre Clément,83,DRAGUIGNAN,+33 4 94 60 57 50,43.536572,6.465445,
Tribunal d'Instance de Clermont-Ferrand,INSTANCE,Palais de Justice 16 Place de l'Etoile   B.P. 121,63,CLERMONT FERRAND,+33 4 73 31 78 90,45.783896,3.108126,
Tribunal d'Instance de Lens,INSTANCE,11 Rue de l'Hospice B.P. 247,62,LENS CEDEX,+33 3 21 13 54 10,50.430198,2.83502,
Tribunal d'Instance de Colmar,INSTANCE,10 Rue des Augustins B.P. 50466,68,COLMAR CEDEX,+33 3 89 24 45 24,48.076213,7.357129,
Tribunal d'Instance de Schiltigheim,INSTANCE,10 Rue du Tribunal ,67,SCHILTIGHEIM,+33 3 88 19 27 80,48.6034123,7.7547911,
Tribunal d'Instance de Bar-le-Duc,INSTANCE,27 Place Saint-Pierre ,55,BAR LE DUC,+33 3 29 79 13 91,48.7687461,5.1592725,
Tribunal d'Instance de Saumur,INSTANCE,Place Saint-Michel ,49,SAUMUR CEDEX,+33 2 41 83 47 40,47.2555479,-0.0834208,
Tribunal d'Instance d'Arras,INSTANCE,13 Rue Roger Salengro B.P. 565,62,ARRAS,+33 3 21 71 62 25,50.293852,2.768671,
Tribunal d'Instance de Clamecy,INSTANCE,Place Emile Zola B.P. 108,58,CLAMECY CEDEX,+33 3 86 27 01 50,47.45979,3.521135,
Tribunal d'Instance de Tours,INSTANCE,2 Place Jean-Jaurès ,37,TOURS CEDEX,+33 2 47 60 27 60,47.3900896,0.6897644,
Tribunal d'Instance de Rennes,INSTANCE,Cité Judiciaire 7 Rue Pierre Abélard   CS 33132,35,RENNES CEDEX,+33 2 99 65 37 10,48.1117611,-1.6802654,
Tribunal d'Instance du Puy-en-Velay,INSTANCE,6 place du Clauzel CS 10309,43,LE PUY EN VELAY,+33 4 63 20 70 00,45.043496,3.883991,
Tribunal d'Instance de Blois,INSTANCE,15 Rue du Père-Brottier B.P. 1805,41,BLOIS CEDEX,+33 2 54 56 26 00,47.589834,1.335975,
Tribunal d'Instance de Palaiseau,INSTANCE,Place de la Victoire ,91,PALAISEAU,+33 1 60 14 00 80,48.7121644,2.2429514,
Tribunal d'Instance d'Orange,INSTANCE,Rue de Tour B.P. 188,84,ORANGE CEDEX,+33 4 90 11 11 90,44.120953,4.805124,
Tribunal d'Instance de Nogent-sur-Marne,INSTANCE,19 Rue Charles VII ,94,NOGENT SUR MARNE CEDEX,+33 1 43 94 17 35,48.8364381,2.4868371,
Tribunal d'Instance d'Ivry-sur-Seine,INSTANCE,Place Marcel Cachin ,94,IVRY SUR SEINE CEDEX,+33 1 45 15 22 88,48.8140434,2.3901939,
Tribunal d'Instance de Saintes,INSTANCE,8 Impasse des Cordeliers B.P. 324,17,SAINTES CEDEX,+33 5 46 93 10 02,45.748485,-0.634407,
Tribunal d'Instance de Saint-Flour,INSTANCE,Palais de Justice 1 Rue du Théâtre  B.P. 34,15,ST FLOUR CEDEX,+33 4 71 60 03 75,45.033198,3.09155,
Tribunal d'Instance de Vire,INSTANCE,19 Rue de la Sous-Préfecture B.P. 137,14,VIRE CEDEX,+33 2 31 68 01 03,48.840216,-0.895791,
Tribunal d'Instance de Tarascon,INSTANCE,Quartier Kilmaine Batiment Austerlitz,13,TARASCON,+33 4 90 91 49 89,43.795951,4.691227,
Tribunal d'Instance de Lisieux,INSTANCE,2 Bis Boulevard Carnot B.P. 212,14,LISIEUX CEDEX,+33 2 31 62 07 31,49.147683,0.223672,
Tribunal d'Instance de Foix,INSTANCE,Palais de Justice 14 Rue du Rocher  B.P. 78,9,FOIX CEDEX,+33 5 34 09 37 50,42.96647,1.605087,
Tribunal d'Instance de Sedan,INSTANCE,1 Rue de la Comédie B.P. 90234,8,SEDAN CEDEX,+33 3 24 29 10 17,49.70259,4.943716,
Tribunal d'Instance de Millau,INSTANCE,2 Boulevard de l'Ayrolle B.P. 353,12,MILLAU CEDEX,+33 5 65 61 48 00,44.099492,3.07832,
Tribunal d'Instance de Narbonne,INSTANCE,19 Bd du Général de Gaulle B.P. 810,11,NARBONNE CEDEX,+33 4 34 44 60 70,43.185887,3.009311,
Tribunal d'Instance de Mende,INSTANCE,Boulevard Henri Bourillon ,48,MENDE,+33 4 66 49 36 36,44.516188,3.49822,
Tribunal d'Instance de Péronne,INSTANCE,57 Rue Saint-Fursy ,80,PERONNE,+33 3 22 84 72 80,49.926836,2.931625,
Tribunal d'Instance de Poissy,INSTANCE,89 Avenue Maurice Berteaux ,78,POISSY CEDEX,+33 1 39 65 05 35,48.9330154,2.0426215,
Tribunal d'Instance de Rambouillet,INSTANCE,56 Rue Gambetta ,78,RAMBOUILLET CEDEX,+33 1 30 46 29 60,48.6481437,1.8235406,
Tribunal d'Instance de Saint-Germain-en-Laye,INSTANCE,22 Rue de la Maison Verte ,78,ST GERMAIN EN LAYE,+33 1 30 87 42 10,48.8932611,2.0814143,
Tribunal d'Instance de Versailles,INSTANCE,5 Place André Mignot R.P. 1109,78,VERSAILLES CEDEX,+33 1 39 07 39 40,48.80352,2.131783,
Tribunal d'Instance de Rouen,INSTANCE,34 Rue aux Juifs ,76,ROUEN CEDEX,+33 2 35 52 88 98,49.442034,1.092297,
Tribunal d'Instance de Fontainebleau,INSTANCE,159 Rue Grande batiment B - 2ème étage,77,FONTAINEBLEAU,+33 1 60 74 90 80,48.443691,2.609939,
Tribunal d'Instance de Lagny-sur-Marne,INSTANCE,108 rue Saint-Denis BP 109,77,LAGNY SUR MARNE CEDEX,+33 1 64 12 48 35,48.878922,2.707755,
Tribunal d'Instance de Melun,INSTANCE,2 Avenue du Général Leclerc B.P. 8620,77,MELUN,+33 1 64 79 83 00,48.527225,2.653534,
Tribunal d'Instance de Mulhouse,INSTANCE,44 Avenue Robert Schuman B.P. 3047,68,MULHOUSE CEDEX 3,+33 3 89 35 42 42,47.75666,7.348516,
Tribunal d'Instance de Villeurbanne,INSTANCE,3 rue du docteur Pierre Fleury Papillon,69,VILLEURBANNE CEDEX,+33 4 72 13 83 00,45.76381,4.883179,
Tribunal d'Instance de Mâcon,INSTANCE,Palais de Justice 8 Rue de la Préfecture,71,MACON CEDEX,+33 3 85 39 92 40,46.3076337,4.8326325,
Tribunal d'Instance du Mans,INSTANCE,Cité Judiciaire 1 Avenue Pierre Mendès-France,72,LE MANS CEDEX,+33 2 43 83 77 77,48.0064699,0.1997661,
Tribunal d'Instance de Tarbes,INSTANCE,Square Maurice Trelut B.P. 1326,65,TARBES,+33 5 62 51 77 55,43.234037,0.069242,
Tribunal d'Instance de Perpignan,INSTANCE,5 Boulevard des Pyrénées B.P. 932,66,PERPIGNAN CEDEX,+33 4 68 51 97 06,42.696562,2.88823,
Tribunal d'Instance d'Illkirch-Graffenstaden,INSTANCE,144 A Route de Lyon B.P. 20020,67,ILLKIRCH CEDEX,+33 3 88 55 33 10,48.529776,7.711345,
Tribunal d'Instance de Molsheim,INSTANCE,3 rue Maréchal Kellermann CS 69116,67,MOLSHEIM CEDEX,+33 3 88 49 72 49,48.541042,7.494399,
Tribunal d'Instance de Boulogne-Billancourt,INSTANCE,35 Rue Paul Bert ,92,BOULOGNE BILLANCOURT,+33 1 46 03 08 17,48.835187,2.239324,
Tribunal d'Instance de Colombes,INSTANCE,9 Rue Gabriel Péri ,92,COLOMBES,+33 1 47 85 20 38,48.9226514,2.2486244,
Tribunal d'Instance de Courbevoie,INSTANCE,25 Rue du Président Kruger ,92,COURBEVOIE,+33 1 43 33 03 42,48.9218118,2.283852,
Tribunal d'Instance de Puteaux,INSTANCE,131 Rue de la République B.P. 177,92,PUTEAUX CEDEX,+33 1 46 93 08 00,48.884467,2.238018,
Tribunal d'Instance de Juvisy-sur-Orge,INSTANCE,27 Rue Victor Hugo BP 01,91,JUVISY SUR ORGE CEDEX,+33 1 69 12 18 30,48.690908,2.377957,
Tribunal d'Instance de Longjumeau,INSTANCE,11 Av. du Maréchal Leclerc B.P. 282,91,LONGJUMEAU CEDEX,+33 1 69 10 26 50,48.698457,2.292174,
Tribunal d'Instance d'Antony,INSTANCE,Place Auguste Mounié B.P. 80,92,ANTONY CEDEX,+33 1 55 59 01 00,48.754759,2.30022,
Tribunal d'Instance d'Asnières-sur-Seine,INSTANCE,112 Avenue de la Redoute ,92,ASNIERES SUR SEINE,+33 1 41 47 41 20,48.9291498,2.2804998,
Tribunal d'Instance de Carpentras,INSTANCE,Impasse du Siècle Place du Gal de Gaulle   BP 112,84,CARPENTRAS,+33 4 90 63 12 97,44.054388,5.046988,
Tribunal d'Instance de Limoges,INSTANCE,11 Bd Gambetta ,87,LIMOGES,+33 5 55 11 82 07,45.827516,1.259157,
Tribunal d'Instance d'Epinal,INSTANCE,1 place Foch ,88,EPINAL,+33 3 54 04 10 00,48.172427,6.447892,
Tribunal d'Instance d'Evry,INSTANCE,1 Rue de la Patinoire ,91,EVRY CEDEX,+33 1 69 47 36 00,48.6298146,2.4297779,
Tribunal d'Instance d'Amiens,INSTANCE,8 rue Pierre Dubois B.P. 2722,80,AMIENS CEDEX 1,+33 3 22 82 45 00,49.892134,2.30175,
Tribunal d'Instance de Castelsarrasin,INSTANCE,2 Ter Rue de la Fraternité B.P. 74,82,CASTELSARRASIN CEDEX,+33 5 63 32 72 10,44.039808,1.107335,
Tribunal d'Instance de Montauban,INSTANCE,5 Rue de l'Horloge B.P. 749,82,MONTAUBAN,+33 5 63 21 41 60,44.016533,1.353336,
Tribunal d'Instance d'Avignon,INSTANCE,2 Boulevard Limbert B.P. 980,84,AVIGNON CEDEX 9,+33 4 32 74 74 16,43.944784,4.816066,
Tribunal d'Instance de Montmorency,INSTANCE,125 Avenue Charles de Gaulle ,95,MONTMORENCY,+33 1 39 34 60 00,48.9743556,2.3114766,
Tribunal d'Instance de Basse-Terre,INSTANCE,Z.A. Calebassier ,97,BASSE TERRE,+33 5 90 80 63 80,16.000298,-61.729235,
Tribunal d'Instance de Pointe-à-Pitre,INSTANCE,7 Rue Victor Hugues B.P. 554,97,POINTE A PITRE,+33 5 90 89 63 63,16.2411111,-61.5330556,
Tribunal d'Instance de Fort-de-France,INSTANCE,Palais de Justice 35 Bd du Gal de Gaulle    BP 633,97,FORT DE FRANCE,+33 5 96 48 41 63,14.637392,-61.069045,
Tribunal d'Instance de Boissy-Saint-Léger,INSTANCE,7 Boulevard Léon Révillon ,94,BOISSY ST LEGER CEDEX,+33 1 45 10 09 20,48.7476021,2.5128508,
Tribunal d'Instance de Charenton-le-Pont,INSTANCE,48 Rue de Paris ,94,CHARENTON LE PONT,+33 1 43 53 62 30,48.8196462,2.4158425,
Tribunal d'Instance de Saint-Maur-des-Fossés,INSTANCE,1 Avenue Gambetta ,94,ST MAUR DES FOSSES,+33 1 42 83 32 23,48.8017082,2.4869504,
Tribunal d'Instance de Villejuif,INSTANCE,127-129 Rue Jean Jaurès ,94,VILLEJUIF CEDEX,+33 1 49 58 12 35,48.7925275,2.3665412,
Tribunal d'Instance de Pantin,INSTANCE,Immeuble Les Diamants  Bât. A 41 Rue Delizy,93,PANTIN CEDEX,+33 1 48 44 44 27,48.897125,2.408159,
Tribunal d'Instance du Raincy,INSTANCE,8 Allée Baratin ,93,LE RAINCY,+33 1 43 01 36 74,48.899138,2.515061,
Tribunal d'Instance de Saint-Denis,INSTANCE,1 Passage des deux Pichets ,93,ST DENIS,+33 1 48 13 37 80,48.936183,2.359451,
Tribunal d'Instance de Saint-Ouen,INSTANCE,4 Rue Diderot ,93,ST OUEN CEDEX,+33 1 40 12 50 40,48.91095,2.334523,
Tribunal d'Instance de Vanves,INSTANCE,34 Rue Antoine Fratacci ,92,VANVES,+33 1 41 90 11 11,48.8211685,2.2882268,
Tribunal d'Instance d'Aubervilliers,INSTANCE,Square Stalingrad B.P. 217,93,AUBERVILLIERS CEDEX,+33 1 48 33 76 38,48.911125,2.383284,
Tribunal d'Instance d'Aulnay-sous-Bois,INSTANCE,10 Boulevard Hoche ,93,AULNAY SOUS BOIS,+33 1 48 66 09 08,48.9327984,2.5011403,
Tribunal d'Instance de Bobigny,INSTANCE,Immeuble L'européen Hall A 4e et 1 promenade Jean Rostand,93,BOBIGNY CEDEX,+33 1 48 96 11 10,48.909761,2.454576,
Tribunal d'Instance de Pontoise,INSTANCE,3 Rue Victor Hugo B.P. 20217,95,CERGY PONTOISE CEDEX,+33 1 72 58 74 60,49.039049,2.044611,
Tribunal d'Instance de Toulouse,INSTANCE,40 Avenue Camille Pujol B.P. 35847,31,TOULOUSE CEDEX 5,+33 5 34 31 79 79,43.601085,1.461458,
Tribunal d'Instance de Saint-Paul,INSTANCE,centre d'affaires de Savanna 12 rue Jules Thirel,97,ST PAUL CEDEX,+33 2 62 45 33 50,-20.987097,55.294083,
Tribunal d'Instance de Saint-Pierre,INSTANCE,26-28 Rue Augustin Archambeaud B.P. 339,97,ST PIERRE CEDEX,+33 2 62 96 10 00,-21.323896,55.486909,
Tribunal d'Instance de Saint-Martin,INSTANCE,23 Rue de la Liberté B.P. 376,97,ST MARTIN,+33 5 90 87 50 49,18.0671612,-63.085622,
Tribunal d'Instance de Montélimar,INSTANCE,Place Emile Loubet B.P. 282,26,MONTELIMAR CEDEX,+33 4 75 00 78 20,44.557143,4.74985,
Tribunal d'Instance de Bergerac,INSTANCE,6 Bis Rue des Carmes ,24,BERGERAC,+33 5 53 57 06 15,44.8533584,0.4867557,
Tribunal d'Instance de Dreux,INSTANCE,2 Place Anatole France ,28,DREUX,+33 2 37 38 08 50,48.7362277,1.3644626,
Tribunal d'Instance de Vichy,INSTANCE,26 Boulevard Carnot B.P. 2933,3,VICHY CEDEX,+33 4 70 30 97 30,46.123333,3.425088,
Tribunal d'Instance de Moulins,INSTANCE,Palais d'Ansac 16 Rue Diderot      BP 1837,3,MOULINS CEDEX,+33 4 70 44 33 84,46.5661042,3.3353369,
Tribunal d'Instance de Montluçon,INSTANCE,114 Boulevard de Courtais B.P. 1232,3,MONTLUCON,+33 4 70 05 27 93,46.339908,2.607701,
Tribunal d'Instance de Laon,INSTANCE,Place du Parvis ,2,LAON CEDEX,+33 3 23 26 75 40,49.564279,3.623757,
Tribunal d'Instance de Trévoux,INSTANCE,1 Rue du Palais B.P. 602,1,TREVOUX CEDEX,+33 4 74 08 89 00,45.940383,4.776414,
Tribunal d'Instance de Bourg-en-Bresse,INSTANCE,3 Place Pierre Goujon B.P. 177,1,BOURG EN BRESSE CEDEX,+33 4 74 32 00 97,46.203032,5.220981,
Tribunal d'Instance de Rochefort,INSTANCE,Cité Judiciaire La Touche Tréville   Rue Chanzy,17,ROCHEFORT CEDEX,+33 5 16 65 60 00,45.957199,-0.96868,
Tribunal d'Instance de Cognac,INSTANCE,3 rue Pierre Martin Civat ,16,COGNAC,+33 5 45 82 06 75,45.6915945,-0.3280112,
Tribunal d'Instance d'Angoulême,INSTANCE,Place Francis Louvel B.P. 234,16,ANGOULEME,+33 5 45 37 11 60,45.649207,0.15429,
Tribunal d'Instance de Marseille,INSTANCE,Palais de Justice Place Monthyon,13,MARSEILLE,+33 4 91 15 50 50,43.266835,5.356915,
Tribunal d'instance d'Aubenas,INSTANCE,10 rue Georges Couderc BP 40001,7,AUBENAS,+33 4 75 35 30 28,44.617045,4.389615,
Tribunal d'Instance de Nice,INSTANCE,3 Place du Palais - Palais Rusca ,6,NICE,+33 4 92 17 30 01,43.709165,7.270946,
Tribunal d'instance de Manosque,INSTANCE,rue des tanneurs ,4,MANOSQUE,+33 4 92 72 32 76,43.831325,5.784902,
Tribunal d'Instance de Pontarlier,INSTANCE,1 Place Villingen Schwenningen ,25,PONTARLIER,+33 3 81 38 63 00,46.9012726,6.3528643,
Tribunal d'Instance de Montbéliard,INSTANCE,Cité Judiciaire Rue Mozart,25,MONTBELIARD CEDEX,+33 3 81 90 70 00,47.5118726,6.7997133,
Tribunal d'Instance de Besançon,INSTANCE,Palais de Justice 1 Rue Mégevand    B.P. 159,25,BESANCON,+33 3 81 65 13 81,47.252768,6.005986,
Tribunal d'Instance de Sarlat-la-Canéda,INSTANCE,Place de la Grande Rigaudie B.P. 170,24,SARLAT LA CANEDA,+33 5 53 59 01 73,44.887894,1.218017,
Tribunal d'Instance de Périgueux,INSTANCE,10 rue Maleville B.P. 9042,24,PERIGUEUX CEDEX,+33 5 53 53 17 42,45.186222,0.719246,
Tribunal d'Instance de Guingamp,INSTANCE,Place de Verdun B.P. 70518,22,GUINGAMP CEDEX,+33 2 96 40 11 40,48.560318,-3.148535,
Tribunal d'Instance de Dinan,INSTANCE,20 place Duguesclin BP 11012,22,DINAN CEDEX,+33 2 96 87 16 96,48.451915,-2.043854,
Tribunal d'Instance de Gonesse,INSTANCE,Place de la Liberté et du 8 Mai 1945      B.P. 18,95,GONESSE CEDEX,+33 1 34 53 43 73,48.998217,2.419424,
Tribunal d'Instance de Montpellier,INSTANCE,9 rue de Tarragone CS 29029,34,MONTPELLIER,+33 4 34 08 31 42,43.604817,3.886256,
Tribunal d'Instance de Muret,INSTANCE,58 Rue Clément Ader ,31,MURET,+33 5 61 51 96 50,43.4610672,1.3262562,
Tribunal d'Instance d'Uzès,INSTANCE,Place de l'Evéché B.P. 109,30,UZES CEDEX,+33 4 66 22 12 12,44.012426,4.421886,
Tribunal d'Instance de Nîmes,INSTANCE,5 avenue Feuchères ,30,NIMES,+33 4 66 36 39 00,43.834058,4.364141,
Tribunal d'Instance de Bernay,INSTANCE,Place Gustave Héon B.P. 761,27,BERNAY CEDEX,+33 2 32 47 52 20,49.08966,0.597699,
Tribunal d'Instance des Andelys,INSTANCE,Boulevard du Général de Gaulle B.P. 518,27,LES ANDELYS CEDEX,+33 2 32 54 11 70,49.246779,1.420092,
Tribunal d'Instance de Valence,INSTANCE,2 Place du Palais B.P. 2127,26,VALENCE CEDEX,+33 4 75 75 97 77,44.931449,4.892692,
Tribunal d'Instance de Romans-sur-Isère,INSTANCE,place Jules Nadi BP 182,26,ROMANS SUR ISERE CEDEX,+33 4 75 02 09 17,45.044255,5.052603,
Tribunal d'Instance de Saint-Dizier,INSTANCE,Cité Administrative 12 Rue de la Commune de Paris,52,ST DIZIER,+33 3 25 05 10 46,48.6362998,4.9474544,
Tribunal d'Instance de Châlons-en-Champagne,INSTANCE,2 Rue Perrot d'Ablancourt ,51,CHALONS EN CHAMPAGNE,+33 3 26 69 27 35,48.9591414,4.362875,
Tribunal d'Instance de Coutances,INSTANCE,38 rue Tancrede CS 70838,50,COUTANCES CEDEX,+33 2 33 76 68 43,49.048895,-1.44432,
Tribunal d'Instance d'Angers,INSTANCE,39 boulevard Pierre de Coubertin CS 21006,49,ANGERS CEDEX,+33 2 44 01 50 32,47.462877,-0.532309,
Tribunal d'Instance d'Orléans,INSTANCE,44 Rue de la Bretonnerie ,45,ORLEANS CEDEX 1,+33 2 38 74 58 34,47.9047677,1.9054466,
Tribunal d'Instance de Lons-le-Saunier,INSTANCE,1 rue de Balerne ,39,LONS LE SAUNIER CEDEX,+33 3 84 87 16 00,46.675662,5.556349,
Tribunal d'Instance de Dole,INSTANCE,39 Rue des Arènes B.P. 38,39,DOLE CEDEX,+33 3 84 79 42 21,47.090849,5.490702,
Tribunal d'Instance de Bourgoin-Jallieu,INSTANCE,12 Rue du Tribunal ,38,BOURGOIN JALLIEU CEDEX,+33 4 74 28 89 29,45.586833,5.27603,
Tribunal d'Instance d'Oloron-Sainte-Marie,INSTANCE,Place Mendiondou ,64,OLORON STE MARIE,+33 5 59 39 11 56,43.192283,-0.607396,
Tribunal d'Instance de Montreuil (62),INSTANCE,1 Rue des Carmes ,93,MONTREUIL,+33 3 21 06 06 96,50.4642513,1.7656732,
Tribunal d'instance de Flers,INSTANCE,33 rue Jules Gévelot BP 419,61,FLERS,+33 2 33 65 35 04,48.752577,-0.572748,
Tribunal d'Instance d'Argentan,INSTANCE,Place du Docteur Couinaud BP 80147,61,ARGENTAN CEDEX,+33 2 33 12 14 50,48.743803,-0.016761,
Tribunal d'Instance d'Alençon,INSTANCE,22 Avenue Wilson B.P. 312,61,ALENCON,+33 2 33 29 42 93,48.43399,0.095661,
Tribunal d'Instance de Lille,INSTANCE,2 Place du Concert B.P. 70449,59,LILLE CEDEX,+33 3 20 78 33 33,50.634844,3.049511,
Tribunal d'Instance d'Avesnes-sur-Helpe,INSTANCE,Plateau Chemerault 11 Rue Mal Joffre BP 205,59,AVESNES SUR HELPE,+33 3 27 57 78 00,50.123487,3.92827,
Tribunal d'Instance de Nevers,INSTANCE,6 Rue Gambetta B.P. 62,58,NEVERS CEDEX,+33 3 86 93 02 70,46.989938,3.159654,
Tribunal d'Instance de Meaux,INSTANCE,Avenue Salvador Allendé ,77,MEAUX,+33 1 60 09 76 82,48.9555641,2.890683,
Tribunal d'Instance du Havre,INSTANCE,70 Rue Mal de Lattre de Tassigny B.P. 7,76,LE HAVRE CEDEX,+33 2 35 19 73 00,49.491495,0.114275,
Tribunal d'Instance de Dieppe,INSTANCE,Palais de Justice- Square Carnot BP 189,76,DIEPPE CEDEX,+33 2 35 84 13 08,49.924564,1.083359,
Tribunal d'Instance de La Flèche,INSTANCE,1 Rue Saint-Thomas B.P. 131,72,LA FLECHE CEDEX,+33 2 43 94 04 15,47.699113,-0.075764,
Tribunal d'Instance de Chalon-sur-Saône,INSTANCE,Résidence Saint-Germain 1 B  Rue de Bourgogne,71,CHALON SUR SAONE,+33 3 85 97 16 90,46.7910553,4.8371648,
Tribunal d'Instance de Lyon,INSTANCE,67 Rue Servient ,69,LYON CEDEX 03,+33 4 72 60 75 75,45.7603055,4.8465698,
Tribunal d'Instance de Sélestat,INSTANCE,17 Allée de la 1ère Armée ,67,SELESTAT,+33 3 88 57 40 50,48.26047,7.451085,
Tribunal d'Instance d'Haguenau,INSTANCE,84 Grand'Rue B.P. 10240,67,HAGUENAU CEDEX,+33 3 88 06 03 80,48.814282,7.789851,
Tribunal d'Instance de Sens,INSTANCE,3 Rue Thenard ,89,SENS,+33 3 86 83 91 00,48.1986996,3.2837194,
Tribunal d'Instance d'Auxerre,INSTANCE,Place du Palais de Justice B.P. 39,89,AUXERRE CEDEX,+33 3 86 72 30 30,47.798136,3.567723,
Tribunal d'Instance de Poitiers,INSTANCE,24 Rue du Moulin à Vent B.P. 79,86,POITIERS,+33 5 49 60 55 50,46.584375,0.341038,
Tribunal d'Instance de Châtellerault,INSTANCE,1 Avenue Georges Clémenceau BP 30630,86,CHATELLERAULT CEDEX,+33 5 49 21 06 33,46.8176518,0.5462628,
Tribunal d'instance de Pertuis,INSTANCE,Place du 4 Septembre ,84,PERTUIS,+33 4 90 79 21 16,43.6943519,5.5009695,
Tribunal d'Instance de Brignoles,INSTANCE,1 Place du Palais de Justice ,83,BRIGNOLES CEDEX,+33 4 94 69 63 83,43.4066884,6.0587306,
Tribunal d'Instance d'Abbeville,INSTANCE,79 Rue du Maréchal Foch B.P. 330,80,ABBEVILLE CEDEX,+33 3 22 25 37 30,50.103733,1.837252,
Tribunal d'Instance de Mantes-la-Jolie,INSTANCE,20 Avenue de la République ,78,MANTES LA JOLIE,+33 1 30 98 14 00,48.9896755,1.7131315,
Tribunal d'Instance de Paris 4ème,INSTANCE,Mairie 2 Place Baudoyer,75,PARIS,+33 1 42 72 11 53,48.884589,2.340359,
